DriveAmplitude,Amplitude_dBm,Real_dBm,Imag_dBm,Phase_rad
0.0,-105.78482827196825,-106.05938096959284,-117.91296740972037,0.250109616909795
0.005,-105.57891235110986,-105.71713973700676,-120.61974489699665,0.17793131598419493
0.01,-104.84215663780931,-105.10377760470946,-117.17342811658845,0.24420906874963344
0.015,-104.9255397352833,-105.52193641509379,-113.84281703652147,0.36634857388629455
0.02,-105.11170482073445,-105.56879182290216,-115.1160984200264,0.3215819911646474
0.025,-105.66440577461485,-106.13176237668925,-115.57734800454831,0.3251102064716166
0.03,-105.02067735083422,-105.47828381382557,-115.02039334469109,0.32176145373315534
0.035,-105.02640288848184,-105.20393344238988,-118.99997782327125,0.20149486353803409
0.04,-104.77745222798686,-105.11097754804209,-116.08970271758187,0.27535272811501593
0.045,-105.49559864267195,-106.33931319785819,-113.02651616265793,0.433663659604797
0.05,-104.30679382296931,-104.59917546202274,-116.17050665134073,0.25801424964304137
0.055,-105.05565976971238,-105.89856069721091,-112.59037372939486,0.4334613172497319
0.06,-104.74997611484352,-105.41830621417995,-113.20778956377858,0.38727567165587795
0.065,-104.65372194346796,-105.49103999168322,-112.2145951973767,0.4320699954772878
0.07,-104.99615286772013,-105.5333633438593,-114.33838802769398,0.3480922784043282
0.075,-103.9309682215519,-104.61878202634239,-112.27347145023305,0.39273263471314207
0.08,-104.37168873080084,-105.03504168943158,-112.85954067638274,0.38586795757412373
0.085,-104.10284648837923,-104.92145332316719,-111.75281208345868,0.42736938712859596
0.09,-104.76160080991276,-105.20736424795766,-114.86937496887604,0.3176429225243742
0.095,-104.53260423615588,-105.65689079407153,-110.95170006880073,0.49789707000446237
0.1,-103.96295020308591,-105.04679598839466,-110.52177671856231,0.4892427386393077
0.105,-104.1561007014052,-105.49888476592022,-109.90798898763897,0.5418361887548261
0.11,-104.05125021114608,-104.88086639021957,-111.64852802308233,0.43014219902993656
0.115,-104.59330743318137,-105.64163708498003,-111.27979791452975,0.48149051465654524
0.12,-103.26386165530329,-104.52816580976551,-109.24001617133274,0.5265631694798799
0.125,-103.28609429746543,-104.54311409308349,-109.2838770744673,0.5251180892511546
0.13,-103.54616783894616,-104.81313086557128,-109.5144635491759,0.5270894443995021
0.135,-103.84461883042928,-105.28104633294922,-109.34806084646655,0.5593957047811153
0.14,-104.19676862639555,-105.40874884548435,-110.33156292444826,0.5160742374518411
0.145,-102.68018336654717,-104.2045302633275,-107.96709147820407,0.5752800295837008
0.15,-103.07658873599507,-104.80591186986075,-107.91167798782631,0.6103080978332589
0.155,-102.59614520347499,-104.64711705138646,-106.83959452778849,0.6605082895247781
0.16,-102.32723044657962,-103.97983917726657,-107.32350643377865,0.5975061744550139
0.165,-102.60714382272991,-104.73303817941483,-106.7292437228611,0.6714857395598787
0.17,-102.75464614897271,-104.32446480304891,-107.93528637809432,0.5832830155097438
0.17500000000000002,-102.01238680057237,-104.59927900533883,-105.49187760800484,0.7341062560952782
0.18,-102.36046416986105,-104.43133068031568,-106.57115296448589,0.6634474870549996
0.185,-102.12114453480795,-104.09176903731775,-106.50106746054894,0.648452809436504
0.19,-102.13332514746219,-104.49283056278958,-105.90942902419414,0.704211321907706
0.195,-102.23974091869283,-103.86657212890306,-107.29221274258376,0.5931243323673228
0.2,-101.72893459095107,-103.76434772235709,-105.99828357286499,0.6581971871921303
0.20500000000000002,-101.50208799290455,-103.48546791260799,-105.85988607636165,0.6503868822793155
0.21,-101.3962697741598,-103.36434370144096,-105.78063817077707,0.6480651381506727
0.215,-101.47299247640612,-103.74737864145872,-105.36987086216952,0.6925384677185071
0.22,-100.81437283513065,-103.68864180807233,-103.96510273432595,0.7694864795858565
0.225,-101.66850717328973,-104.2332343340239,-105.17537621116203,0.7312701524975164
0.23,-101.11290894362176,-103.71028617794893,-104.57955685196184,0.735442242157221
0.23500000000000001,-100.91652654890692,-103.21170505866286,-104.78337109013322,0.6954154836768472
0.24,-101.30827427274113,-104.55305252697275,-104.09610969887046,0.8116897825828079
0.245,-101.45348691728982,-104.11511288364704,-104.84291718112017,0.7435513196057573
0.25,-101.12873098065472,-103.60899256915226,-104.74286957325961,0.7203115549219651
0.255,-101.16696854753056,-103.84419156974552,-104.53802815888955,0.7455001274576407
0.26,-100.19907535010685,-103.67797812442932,-102.7864464002119,0.8366289787176435
0.265,-100.716958879039,-103.70261485473846,-103.75204345699316,0.7825528396865001
0.27,-100.09116428336006,-103.00854858240635,-103.19641133384265,0.7745847571606652
0.275,-100.89068582619647,-103.18857752694802,-104.75363707845842,0.695789666791327
0.28,-99.5997271052415,-103.06009281467436,-102.20225373457654,0.8346992681485418
0.28500000000000003,-100.36508469896033,-103.18549434985974,-103.57395883740466,0.7630438009110869
0.29,-100.27686069289149,-102.89539489327026,-103.71780244775832,0.7381271563393978
0.295,-100.77492851891749,-103.4670071908463,-104.12862355279303,0.7473492401495694
0.3,-100.21775505737574,-102.72257614317668,-103.80021294921508,0.7235229376017028
0.305,-101.04762424564984,-104.2676398053764,-103.85787073244518,0.8089776225311334
0.31,-100.19594937389002,-103.5479619144215,-102.88947331288836,0.8232675568971171
0.315,-100.45165843620111,-103.71926821990614,-103.21904464059062,0.8141774432451035
0.32,-100.00260483899442,-103.38629340920633,-102.66909252335061,0.8266367313655496
0.325,-100.16548056099657,-102.99599217972828,-103.36333432643366,0.764258550396693
0.33,-100.14225844851771,-102.67974924232276,-103.6832019086749,0.7277628467229281
0.335,-100.53940829492538,-104.14036337676094,-103.02985138178273,0.8491509220082656
0.34,-100.33886823965425,-103.28517979587554,-103.41411351033642,0.7779764147281669
0.34500000000000003,-100.26637085775731,-103.32871088678736,-103.22524694452923,0.791353885834618
0.35000000000000003,-100.39814760844352,-103.63098822301608,-103.19675660781941,0.8103841388561998
0.355,-100.36662288351712,-103.98861124209515,-102.84084811765271,0.8512772756940317
0.36,-100.34582448561616,-103.44506138834609,-103.26897230141233,0.795533971792542
0.365,-99.97384811978007,-102.75296693497876,-103.22833064623967,0.7580476783961518
0.37,-100.78471537802271,-103.40837814091233,-104.21946742030103,0.738775818748665
0.375,-100.50575201266916,-103.22927781530166,-103.82310970755623,0.7512410504578299
0.38,-100.2655073848812,-103.2328747151727,-103.31916862379741,0.7804307684227684
0.385,-100.88417024283711,-103.66282626902164,-104.13916914805688,0.7579913974488781
0.39,-100.75132189378868,-103.67856919693304,-103.84629378476006,0.775743759970468
0.395,-100.66145142974236,-103.85287508997862,-103.49788004378028,0.8058276342198296
0.4,-100.83814321711947,-103.90008228759869,-103.79741085883461,0.7913082683023136
0.405,-100.93094463436196,-103.85154953501862,-104.03283125967684,0.7749635059906077
0.41000000000000003,-100.27762609599698,-102.86611820074855,-103.75515275415484,0.7343103449801033
0.41500000000000004,-100.50474499940253,-102.68691898001845,-104.53919110175407,0.6795718875659824
0.42,-101.59152241689856,-104.59881048823246,-104.60483634907322,0.7850512869916623
0.425,-100.90596994805838,-103.20317389043693,-104.76990753782202,0.6956948431980833
0.43,-101.43703687570253,-104.06755579999852,-104.86353928455323,0.7396416703817559
0.435,-101.08719709740484,-103.5697202955202,-104.69840111286982,0.7206081522763174
0.44,-100.7382418406395,-103.63902259596371,-103.86089443078671,0.7726275826218502
0.445,-102.11296944882827,-104.45440924750129,-105.9142311751196,0.7017569046381382
0.45,-102.0403825594716,-103.95947804800807,-106.51153049931123,0.6405594170788725
0.455,-101.36215707978957,-103.34950084708397,-105.71311575431241,0.650986332914238
0.46,-101.18185061224084,-103.24892869952592,-105.39874724668637,0.6628891645134377
0.465,-102.25433443989921,-104.46347511306192,-106.24779258738042,0.6833994876193125
0.47000000000000003,-102.12427131602512,-103.87579218884295,-106.9143284485989,0.6139480876754425
0.47500000000000003,-101.96532238611091,-104.15506615145142,-105.98819794784288,0.6806493551056593
0.48,-102.04348583558931,-104.29085174616506,-105.97992519002864,0.6887743533915835
0.485,-102.33960690613044,-104.33631142727242,-106.67448136441521,0.6523990034979849
0.49,-102.13382699106369,-103.95376848951108,-106.78933547926563,0.6249941883198847
0.495,-103.28292595858781,-105.17768610118327,-107.798217260138,0.6367859893872431
0.5,-102.61605892709593,-103.97084739767087,-108.3349860964417,0.5441262996159916
0.505,-103.06193789950103,-104.78402732356521,-107.91185371636344,0.6091157955086657
0.51,-103.64616550557885,-105.43031416028163,-108.37127559115828,0.6192478560512311
0.515,-102.407314054463,-103.79735648462159,-108.03137571141212,0.550784237846802
0.52,-103.1559558403962,-104.84128195238205,-108.0824062618731,0.6030089230326735
0.525,-103.82090887154754,-104.93909553501054,-110.26071294845843,0.49660311754495406
0.53,-102.97732331933686,-104.26652480997924,-108.88062509067836,0.5314664055375017
0.535,-104.1993098009018,-105.67950585531476,-109.59305833522563,0.5673729243163693
0.54,-103.08355935105047,-104.20094507785166,-109.52609200602882,0.49643292012640344
0.545,-103.6613780253186,-104.85262087162967,-109.86123342578082,0.5118453950185714
0.55,-104.61307919478627,-105.75951296400746,-110.95804717433188,0.5025618772783476
0.555,-104.00275729936777,-105.03369607957625,-110.753548873379,0.4776405748180132
0.56,-104.2983450971658,-105.12505472999757,-111.90945794542336,0.42941212920946215
0.5650000000000001,-104.47956146772285,-105.28194738207993,-112.20858942564591,0.4232464552695558
0.5700000000000001,-104.09530748913495,-104.68623305467094,-113.04993591219116,0.3647027817942426
0.5750000000000001,-104.34588479004725,-104.99344005692208,-112.93071480609946,0.3813616977404547
0.58,-104.21075215785311,-104.59378984269767,-114.94629154022532,0.29480308848462616
0.585,-105.24628302147242,-106.0641935055491,-112.89960728117585,0.4271933180786404
0.59,-104.3332619638752,-105.24313658186061,-111.56828709980203,0.44977082444406535
0.595,-104.44305875959614,-104.7784378832244,-115.73215209577842,0.2761070556950092
0.6,-104.86449091741001,-105.93738419669955,-111.4621772593164,0.4868675818896272
0.605,-104.92065062161802,-105.60311744358219,-113.29444407486754,0.39124346530583426
0.61,-104.71364607216371,-105.211902762653,-114.36370457151855,0.3354861287144549
0.615,-105.3561948704029,-105.91178007586949,-114.56136280540888,0.3538700076081525
0.62,-105.27823531110033,-105.94445959296633,-113.74872843684673,0.38668076326449224
0.625,-104.18731253741718,-105.01571573540245,-111.79035760462091,0.4298376920279878
0.63,-104.85019908436217,-105.68297454277216,-112.43249912716279,0.43093415893280085
0.635,-104.02607185037498,-104.49236892051049,-113.94835075749529,0.3247480978500378
0.64,-104.98316677310518,-105.28990501871958,-116.64579705991909,0.2641999324066772
0.645,-105.2694825525819,-105.8078307542157,-114.60308690443492,0.34845304817964856
0.65,-103.34451215425236,-103.93910984833491,-112.27403047639947,0.3658083070314023
0.655,-104.07215630367979,-104.52168987389796,-114.14520629933124,0.3189602068392783
0.66,-104.5815639992704,-105.27070134105622,-112.91636256646294,0.39310028126511626
0.665,-105.15548230971304,-105.73181369776441,-114.21158210006924,0.3602723706590103
0.67,-105.11690217544248,-105.71174113006585,-114.04477656464962,0.36588081252100385
0.675,-104.22352164936724,-104.6402423439671,-114.60960847917143,0.3072927319819433
0.68,-105.37834425151487,-105.82022704754914,-115.5221846417414,0.3162808899875606
0.685,-104.89931790796982,-105.45891326471248,-114.07521372755527,0.3551173706143679
0.6900000000000001,-105.03289474256418,-105.7627524617406,-113.13817515591857,0.4042299591675231
0.6950000000000001,-103.98104060316678,-104.51521551389081,-113.34639904658874,0.3471277165597693
0.7000000000000001,-104.35802338636495,-104.94487365034551,-113.34071494654233,0.36347156812193027
0.705,-103.75271378392742,-104.58466388001466,-111.33892073934634,0.43072741876877435
0.71,-104.70678622385451,-105.1251651651994,-115.07644140969893,0.3078936990849473
0.715,-104.74195602241976,-105.53559185705609,-112.51436312089267,0.42100344367875175
0.72,-103.70121920119735,-104.73689616707975,-110.43437160261055,0.47869309568664314
0.725,-104.06140433358034,-105.0231315068387,-111.0807220150449,0.4619463069667683
0.73,-103.5849881128434,-104.32195289918015,-111.65163677772841,0.40613762623897964
0.735,-103.34298656111606,-104.26452255095134,-110.52833012709738,0.452541956792771
0.74,-104.84640566364072,-105.76017338301723,-112.06476666926434,0.4506981340857544
0.745,-103.48536183047493,-105.10362840253016,-108.55674169129274,0.5916592459483523
0.75,-105.03083973126124,-105.73732262964553,-113.26612022313002,0.3978835801831922
0.755,-103.76680210389267,-104.96109492825329,-109.95700760253465,0.5124699856397912
0.76,-102.64703976815292,-104.03637450852975,-108.27297803524664,0.5506515612925986
0.765,-103.27119840471036,-104.52727536354641,-109.27179114372149,0.5249306959023748
0.77,-103.40863641477212,-104.50150563302307,-109.9357793949531,0.4911893892511941
0.775,-103.06311266647315,-104.28742697548981,-109.15981215319474,0.5185698177701451
0.78,-102.9591683782811,-104.61562805908792,-107.94713961130056,0.5981572524167683
0.785,-103.68678050048624,-105.46543050318587,-108.42273408401951,0.6183588628339983
0.79,-102.73801095716883,-103.90826406633121,-109.005051476564,0.5075220103972925
0.795,-101.96524695272734,-103.65169269502273,-106.88933682496128,0.603196090147516
0.8,-103.0333224102452,-104.3930217281542,-108.73886344137131,0.5450597505226328
0.805,-102.37574600930691,-103.80294203837633,-107.90282628553584,0.557695000908001
0.81,-102.36129676720793,-104.37041532234255,-106.67498519281266,0.6542660997463688
0.8150000000000001,-101.97570217281493,-103.62251159777387,-106.98452863320196,0.59652396600824
0.8200000000000001,-101.52249570095367,-103.95081732903073,-105.20501021811639,0.7134505989238672
0.8250000000000001,-102.38007690118945,-104.51182530460156,-106.49292297602506,0.6723331120853672
0.8300000000000001,-102.72912508647677,-104.97946294617337,-106.66118336223192,0.689189782469552
0.835,-102.52313210393446,-104.9573778063238,-106.19775168153332,0.7142379534003479
0.84,-101.36281945967667,-103.3223404160995,-105.76214752330435,0.6467628562044652
0.845,-101.43703450575131,-104.15526919400526,-104.76046653372589,0.750588358083928
0.85,-101.35934052878673,-103.7552603202623,-105.08548549791514,0.7091218342555922
0.855,-101.63293920220065,-104.0980609981178,-105.26681343612486,0.7183214728572674
0.86,-101.06408433255385,-103.65107022270374,-104.54346008080975,0.7341182092418004
0.865,-101.18587231464568,-103.45718205037687,-105.08722447052196,0.6921113515792116
0.87,-101.52583491001386,-104.61464610573451,-104.45901777840129,0.7943563707621267
0.875,-101.06071960576284,-103.74755180823826,-104.42053246379488,0.7466969846773944
0.88,-100.83400608596185,-103.68866875455659,-104.00572885132065,0.7671507689618902
0.885,-101.0951544457896,-103.5845581315393,-104.69745214874727,0.7215094000552784
0.89,-100.89129742987252,-104.03649582364747,-103.7707631748587,0.8006925786306676
0.895,-100.92336601256682,-103.76127126066771,-104.11318783527862,0.7651457570205211
0.9,-101.33477330758623,-103.87424509255194,-104.87322214991586,0.7280187813025599
0.905,-100.23706580335953,-103.10379976188464,-103.39584038967118,0.7685901200203177
0.91,-100.44981148526772,-103.00317243055828,-103.97084192946977,0.7298095007903528
0.915,-100.35837012583515,-103.67983983997375,-103.07831259532584,0.8199972097534961
0.92,-100.25168780742658,-103.57803038189911,-102.96739213305423,0.8205204070634331
0.925,-99.80111040302083,-103.0530578287968,-102.58250274080878,0.8124722516497656
0.93,-100.64207394595101,-103.47154822393178,-103.84105689347429,0.7641339474246451
0.935,-99.97041645096928,-103.45251356629844,-102.55518771028386,0.8369607551431301
0.9400000000000001,-100.47662177036773,-103.21016065511839,-103.78252756153309,0.752473894996215
0.9450000000000001,-100.36101872920551,-103.76932470102676,-103.00674517026584,0.8292394845317668
0.9500000000000001,-100.24841806195977,-103.67335174484455,-102.88024343536215,0.8309898380936476
0.9550000000000001,-100.42916621887478,-103.3381123811024,-103.54324195742656,0.7735910532719332
0.96,-99.91647663329046,-103.0135443473566,-102.84170846522626,0.7952891867422085
0.965,-99.62244735085726,-102.41298792616377,-102.8642222956722,0.7594347009560551
0.97,-99.86058794072065,-103.0975390366714,-102.65548091873939,0.8108340959691374
0.975,-99.56063765682687,-102.97507113212731,-102.20123001891073,0.8298852260618076
0.98,-99.85635628024987,-103.02182826335459,-102.71683772759147,0.8029512233004714
0.985,-100.05039441665949,-103.0616260339667,-103.0597629124515,0.7855054132923092
0.99,-100.13460440592456,-103.32692554839696,-102.97020614443431,0.8059268129840141
0.995,-100.09030232818318,-103.32803248260097,-102.8844917640703,0.8109193305389627
1.0,-99.78139998870671,-102.94625165227467,-102.64245976687002,0.8028822657872253
