Delay_us,I,Q,Magnitude_linear,Phase_rad,Fit_on_data,A_fit,T2_echo_fit_us,C_fit,p_fit
0.01,-6.669839312681109e-07,-3.3109000201149613e-07,7.446396135056451e-07,-2.680830177903635,8.387952424659714e-07,4.592219293358042e-08,216.70555505094563,7.928751685889784e-07,1.0
0.5099500000000001,-7.114573857799861e-07,-3.721918458003784e-07,8.029311190016144e-07,-2.659604844798043,8.386894247863828e-07,4.592219293358042e-08,216.70555505094563,7.928751685889784e-07,1.0
1.0099,-7.509148322306537e-07,-3.290187612514264e-07,8.198331723707049e-07,-2.7286307047147185,8.385838509518139e-07,4.592219293358042e-08,216.70555505094563,7.928751685889784e-07,1.0
1.5098500000000001,-7.91761886330387e-07,-3.6658405284528936e-07,8.725083108176852e-07,-2.7079824388451943,8.38478520400351e-07,4.592219293358042e-08,216.70555505094563,7.928751685889784e-07,1.0
2.0098000000000003,-7.668576618161446e-07,-3.4189081992955646e-07,8.396189649110058e-07,-2.7222090060029256,8.383734325713753e-07,4.592219293358042e-08,216.70555505094563,7.928751685889784e-07,1.0
2.5097500000000004,-7.354421674057967e-07,-3.6329666867398445e-07,8.202802271590793e-07,-2.682769411099256,8.382685869055599e-07,4.592219293358042e-08,216.70555505094563,7.928751685889784e-07,1.0
3.0097,-7.526694124943063e-07,-3.6988767076409106e-07,8.386466082253054e-07,-2.684820943469889,8.38163982844867e-07,4.592219293358042e-08,216.70555505094563,7.928751685889784e-07,1.0
3.50965,-7.810983282073696e-07,-3.700065740002157e-07,8.643028769660117e-07,-2.6992052253356045,8.380596198325445e-07,4.592219293358042e-08,216.70555505094563,7.928751685889784e-07,1.0
4.009600000000001,-7.497239631171635e-07,-3.363612491855294e-07,8.217207012274643e-07,-2.719864627978137,8.379554973131234e-07,4.592219293358042e-08,216.70555505094563,7.928751685889784e-07,1.0
4.509550000000001,-7.454679232780861e-07,-3.4904959329959605e-07,8.231391396472141e-07,-2.7036834418318327,8.378516147324148e-07,4.592219293358042e-08,216.70555505094563,7.928751685889784e-07,1.0
5.009500000000001,-7.429901277738184e-07,-3.523392916602254e-07,8.223000099823569e-07,-2.698782553155428,8.377479715375065e-07,4.592219293358042e-08,216.70555505094563,7.928751685889784e-07,1.0
5.509450000000001,-7.479713191238764e-07,-3.694842695230487e-07,8.342539898956988e-07,-2.6827711303205017,8.376445671767608e-07,4.592219293358042e-08,216.70555505094563,7.928751685889784e-07,1.0
6.0094,-7.684746295173984e-07,-3.780626546311012e-07,8.564371705143456e-07,-2.684393646285218,8.375414010998109e-07,4.592219293358042e-08,216.70555505094563,7.928751685889784e-07,1.0
6.50935,-7.608560391754197e-07,-3.5567367035234017e-07,8.398843206844695e-07,-2.7043100186558156,8.374384727575588e-07,4.592219293358042e-08,216.70555505094563,7.928751685889784e-07,1.0
7.0093000000000005,-7.436599469672657e-07,-3.7164262596398046e-07,8.313533293111657e-07,-2.6781466059600314,8.373357816021711e-07,4.592219293358042e-08,216.70555505094563,7.928751685889784e-07,1.0
7.509250000000001,-7.668296555061307e-07,-3.756568451913891e-07,8.539003372190448e-07,-2.6860713171983854,8.372333270870773e-07,4.592219293358042e-08,216.70555505094563,7.928751685889784e-07,1.0
8.009200000000002,-7.748667574789925e-07,-3.483945801374081e-07,8.495865319760717e-07,-2.7190558664253976,8.371311086669663e-07,4.592219293358042e-08,216.70555505094563,7.928751685889784e-07,1.0
8.509150000000002,-8.013722960864517e-07,-3.621553714353984e-07,8.794055207891198e-07,-2.717144027077896,8.370291257977835e-07,4.592219293358042e-08,216.70555505094563,7.928751685889784e-07,1.0
9.009100000000002,-7.888283369263658e-07,-3.654053365913914e-07,8.693510252754546e-07,-2.7077950600331953,8.369273779367282e-07,4.592219293358042e-08,216.70555505094563,7.928751685889784e-07,1.0
9.509050000000002,-7.606836157060871e-07,-3.426829698696519e-07,8.343088043658481e-07,-2.7183284678734854,8.368258645422504e-07,4.592219293358042e-08,216.70555505094563,7.928751685889784e-07,1.0
10.009000000000002,-7.510147646686306e-07,-3.516518946804925e-07,8.29266080207468e-07,-2.703677861012817,8.367245850740479e-07,4.592219293358042e-08,216.70555505094563,7.928751685889784e-07,1.0
10.508950000000002,-6.988259578492259e-07,-3.566777251279174e-07,7.84586973487525e-07,-2.6696631573791896,8.366235389930641e-07,4.592219293358042e-08,216.70555505094563,7.928751685889784e-07,1.0
11.008900000000002,-7.589360438318304e-07,-3.5489008223558644e-07,8.37813158822593e-07,-2.704186815284402,8.365227257614839e-07,4.592219293358042e-08,216.70555505094563,7.928751685889784e-07,1.0
11.508850000000002,-7.824418029392588e-07,-3.7249114697475445e-07,8.665822693555449e-07,-2.69727782566688,8.36422144842732e-07,4.592219293358042e-08,216.70555505094563,7.928751685889784e-07,1.0
12.0088,-7.28869854407822e-07,-3.3965333291774433e-07,8.041241516249912e-07,-2.705513100554309,8.363217957014695e-07,4.592219293358042e-08,216.70555505094563,7.928751685889784e-07,1.0
12.508750000000001,-7.492697430621265e-07,-3.611967953128617e-07,8.31786194170513e-07,-2.6923956319781324,8.362216778035911e-07,4.592219293358042e-08,216.70555505094563,7.928751685889784e-07,1.0
13.008700000000001,-7.532562342997442e-07,-3.785711875576062e-07,8.4303683108166e-07,-2.6758835258348515,8.36121790616222e-07,4.592219293358042e-08,216.70555505094563,7.928751685889784e-07,1.0
13.508650000000001,-7.930111790304712e-07,-3.521767032335257e-07,8.676953154003616e-07,-2.723655527645146,8.360221336077158e-07,4.592219293358042e-08,216.70555505094563,7.928751685889784e-07,1.0
14.008600000000001,-7.499119265689416e-07,-3.343885694158495e-07,8.210868486136653e-07,-2.722150356415714,8.359227062476509e-07,4.592219293358042e-08,216.70555505094563,7.928751685889784e-07,1.0
14.508550000000001,-7.737761313290401e-07,-3.563552092254468e-07,8.518911529982267e-07,-2.7100079397484205,8.358235080068284e-07,4.592219293358042e-08,216.70555505094563,7.928751685889784e-07,1.0
15.008500000000002,-7.675240747005798e-07,-3.594717375091417e-07,8.475335599920647e-07,-2.7035821235095217,8.357245383572684e-07,4.592219293358042e-08,216.70555505094563,7.928751685889784e-07,1.0
15.508450000000005,-7.546325350578917e-07,-3.79042340002345e-07,8.444781574927522e-07,-2.6761168776907445,8.356257967722078e-07,4.592219293358042e-08,216.70555505094563,7.928751685889784e-07,1.0
16.008400000000005,-7.936920648486535e-07,-3.6461415256959065e-07,8.734360732519352e-07,-2.7109575428683375,8.355272827260977e-07,4.592219293358042e-08,216.70555505094563,7.928751685889784e-07,1.0
16.508350000000004,-7.773187202312516e-07,-3.476449392279879e-07,8.515171146799002e-07,-2.721039622244532,8.354289956945998e-07,4.592219293358042e-08,216.70555505094563,7.928751685889784e-07,1.0
17.008300000000006,-7.63692036756817e-07,-3.558830123845749e-07,8.425427262220563e-07,-2.705510364331038,8.353309351545843e-07,4.592219293358042e-08,216.70555505094563,7.928751685889784e-07,1.0
17.508250000000004,-7.462850826985674e-07,-3.7993305915546985e-07,8.374309249709143e-07,-2.670692294739554,8.35233100584127e-07,4.592219293358042e-08,216.70555505094563,7.928751685889784e-07,1.0
18.008200000000006,-7.751158875334599e-07,-3.520484326778483e-07,8.513182354781981e-07,-2.7152613421679317,8.351354914625062e-07,4.592219293358042e-08,216.70555505094563,7.928751685889784e-07,1.0
18.508150000000004,-7.678621532380616e-07,-3.831150070408885e-07,8.581313390124687e-07,-2.6787956310613255,8.350381072702003e-07,4.592219293358042e-08,216.70555505094563,7.928751685889784e-07,1.0
19.008100000000006,-7.818259959669473e-07,-3.7906140326487966e-07,8.68872508147685e-07,-2.690145512964589,8.349409474888848e-07,4.592219293358042e-08,216.70555505094563,7.928751685889784e-07,1.0
19.508050000000004,-7.637612398609845e-07,-3.7109642186122003e-07,8.491429713730127e-07,-2.689304600941983,8.348440116014297e-07,4.592219293358042e-08,216.70555505094563,7.928751685889784e-07,1.0
20.008000000000006,-7.337003340068234e-07,-3.5345841485860083e-07,8.144010260038226e-07,-2.692653251908832,8.347472990918965e-07,4.592219293358042e-08,216.70555505094563,7.928751685889784e-07,1.0
20.507950000000005,-7.753925146585932e-07,-3.468568201950472e-07,8.494369932516453e-07,-2.720960795834853,8.346508094455358e-07,4.592219293358042e-08,216.70555505094563,7.928751685889784e-07,1.0
21.007900000000006,-7.412044359445426e-07,-3.4829345795605344e-07,8.189580872784961e-07,-2.7023120257241633,8.345545421487845e-07,4.592219293358042e-08,216.70555505094563,7.928751685889784e-07,1.0
21.507850000000005,-7.795578142853943e-07,-3.5050811553492124e-07,8.54731726841389e-07,-2.719051226244054,8.344584966892624e-07,4.592219293358042e-08,216.70555505094563,7.928751685889784e-07,1.0
22.007800000000007,-7.517551861047802e-07,-3.715037111612101e-07,8.385409156636213e-07,-2.6826104497141503,8.343626725557706e-07,4.592219293358042e-08,216.70555505094563,7.928751685889784e-07,1.0
22.507750000000005,-7.604964910844555e-07,-3.5622104485109137e-07,8.397906559057279e-07,-2.7035382418306364,8.342670692382881e-07,4.592219293358042e-08,216.70555505094563,7.928751685889784e-07,1.0
23.007700000000007,-7.517704713869376e-07,-3.626346206406646e-07,8.346632313313778e-07,-2.692144913774919,8.341716862279688e-07,4.592219293358042e-08,216.70555505094563,7.928751685889784e-07,1.0
23.507650000000005,-7.292008283832717e-07,-3.4624815772906053e-07,8.072308435916074e-07,-2.698281096886945,8.340765230171398e-07,4.592219293358042e-08,216.70555505094563,7.928751685889784e-07,1.0
24.007600000000004,-7.422849383324187e-07,-3.6767620832556794e-07,8.283554332795972e-07,-2.681687792038588,8.339815790992974e-07,4.592219293358042e-08,216.70555505094563,7.928751685889784e-07,1.0
24.507550000000005,-7.54496549288281e-07,-3.6933881917295857e-07,8.400453596300612e-07,-2.686366632283637,8.338868539691057e-07,4.592219293358042e-08,216.70555505094563,7.928751685889784e-07,1.0
25.007500000000004,-7.375370760661938e-07,-3.6907059606904197e-07,8.24726647717308e-07,-2.677617458562527,8.337923471223927e-07,4.592219293358042e-08,216.70555505094563,7.928751685889784e-07,1.0
25.507450000000006,-7.460199323627728e-07,-3.2713996572502016e-07,8.14595787281719e-07,-2.728331680001115,8.336980580561488e-07,4.592219293358042e-08,216.70555505094563,7.928751685889784e-07,1.0
26.007400000000004,-7.464733251960955e-07,-3.6406752754024236e-07,8.305224800320464e-07,-2.6878198609810884,8.33603986268523e-07,4.592219293358042e-08,216.70555505094563,7.928751685889784e-07,1.0
26.507350000000006,-7.797025935229987e-07,-3.610744280077135e-07,8.592501829546433e-07,-2.7079044966690806,8.335101312588212e-07,4.592219293358042e-08,216.70555505094563,7.928751685889784e-07,1.0
27.007300000000004,-7.396150593503168e-07,-3.4754363489904633e-07,8.172007184141569e-07,-2.7023153170139715,8.334164925275028e-07,4.592219293358042e-08,216.70555505094563,7.928751685889784e-07,1.0
27.507250000000006,-7.792022310383198e-07,-3.9644872008811434e-07,8.742583740031313e-07,-2.6709394110132716,8.333230695761785e-07,4.592219293358042e-08,216.70555505094563,7.928751685889784e-07,1.0
28.007200000000005,-7.372954652527525e-07,-3.653164349854835e-07,8.228369830973664e-07,-2.6815661867645386,8.332298619076073e-07,4.592219293358042e-08,216.70555505094563,7.928751685889784e-07,1.0
28.507150000000006,-7.368682457257561e-07,-3.554417260577298e-07,8.181159038802824e-07,-2.6921498091336624,8.331368690256942e-07,4.592219293358042e-08,216.70555505094563,7.928751685889784e-07,1.0
29.007100000000005,-7.437387853926028e-07,-3.563624516779181e-07,8.247069648445808e-07,-2.6947637258873307,8.330440904354873e-07,4.592219293358042e-08,216.70555505094563,7.928751685889784e-07,1.0
29.507050000000007,-7.90911484632678e-07,-3.6021177627009975e-07,8.690762338756751e-07,-2.714225035587114,8.329515256431754e-07,4.592219293358042e-08,216.70555505094563,7.928751685889784e-07,1.0
30.007000000000005,-7.358271619862499e-07,-3.6428454589010124e-07,8.210632391546318e-07,-2.681898352901088,8.328591741560852e-07,4.592219293358042e-08,216.70555505094563,7.928751685889784e-07,1.0
30.506950000000007,-7.474225218263485e-07,-3.544063063866813e-07,8.271905803017275e-07,-2.698820681779381,8.327670354826785e-07,4.592219293358042e-08,216.70555505094563,7.928751685889784e-07,1.0
31.00690000000001,-7.5647408650161e-07,-3.5803975589834595e-07,8.369262275446938e-07,-2.6995316617466893,8.3267510913255e-07,4.592219293358042e-08,216.70555505094563,7.928751685889784e-07,1.0
31.506850000000004,-7.482638725745888e-07,-3.6193879851881753e-07,8.312030539366212e-07,-2.6910660104513964,8.325833946164243e-07,4.592219293358042e-08,216.70555505094563,7.928751685889784e-07,1.0
32.006800000000005,-7.418586274473901e-07,-3.508500421064438e-07,8.206399790189477e-07,-2.6998314757393738,8.324918914461538e-07,4.592219293358042e-08,216.70555505094563,7.928751685889784e-07,1.0
32.50675000000001,-7.301685496931745e-07,-3.5868063216671456e-07,8.135096230853989e-07,-2.6849856981870355,8.324005991347155e-07,4.592219293358042e-08,216.70555505094563,7.928751685889784e-07,1.0
33.0067,-7.523544664988316e-07,-3.641878030704022e-07,8.35864821108047e-07,-2.6907748303195276,8.323095171962088e-07,4.592219293358042e-08,216.70555505094563,7.928751685889784e-07,1.0
33.50665000000001,-7.686147398677626e-07,-3.553710922546025e-07,8.467923190205598e-07,-2.7085138443272823,8.322186451458529e-07,4.592219293358042e-08,216.70555505094563,7.928751685889784e-07,1.0
34.006600000000006,-7.546756803757561e-07,-3.6570456485030285e-07,8.386150554950465e-07,-2.6903528647251127,8.321279824999837e-07,4.592219293358042e-08,216.70555505094563,7.928751685889784e-07,1.0
34.50655000000001,-7.735192243908433e-07,-3.737170173250977e-07,8.590671682357434e-07,-2.691524902463923,8.320375287760522e-07,4.592219293358042e-08,216.70555505094563,7.928751685889784e-07,1.0
35.0065,-7.134198325554673e-07,-3.552089246738765e-07,7.969574879825415e-07,-2.679629611657068,8.319472834926212e-07,4.592219293358042e-08,216.70555505094563,7.928751685889784e-07,1.0
35.50645000000001,-7.683586683336125e-07,-3.496906668306977e-07,8.441910954706289e-07,-2.714494199154208,8.318572461693626e-07,4.592219293358042e-08,216.70555505094563,7.928751685889784e-07,1.0
36.006400000000006,-7.584212299776797e-07,-3.8047304299270413e-07,8.485060391800311e-07,-2.6766142935813746,8.317674163270556e-07,4.592219293358042e-08,216.70555505094563,7.928751685889784e-07,1.0
36.50635000000001,-7.296993482308767e-07,-3.574494651064237e-07,8.125461580202288e-07,-2.6860910696424996,8.316777934875835e-07,4.592219293358042e-08,216.70555505094563,7.928751685889784e-07,1.0
37.0063,-7.30736257529801e-07,-3.36015724927092e-07,8.042897770498757e-07,-2.710592795793169,8.315883771739313e-07,4.592219293358042e-08,216.70555505094563,7.928751685889784e-07,1.0
37.50625000000001,-7.418137021699241e-07,-3.736093890608814e-07,8.305850614605912e-07,-2.675034774497798,8.314991669101835e-07,4.592219293358042e-08,216.70555505094563,7.928751685889784e-07,1.0
38.00620000000001,-7.649737208521727e-07,-3.5315554102799184e-07,8.425577901563735e-07,-2.7090870872215786,8.31410162221521e-07,4.592219293358042e-08,216.70555505094563,7.928751685889784e-07,1.0
38.50615000000001,-7.291704743887697e-07,-3.7886992640824124e-07,8.217250159615013e-07,-2.662395889992143,8.313213626342191e-07,4.592219293358042e-08,216.70555505094563,7.928751685889784e-07,1.0
39.0061,-7.347258127486025e-07,-3.8004168336673766e-07,8.271962892901044e-07,-2.664235362511637,8.312327676756445e-07,4.592219293358042e-08,216.70555505094563,7.928751685889784e-07,1.0
39.50605000000001,-7.744768258081471e-07,-3.59810893091472e-07,8.539778875949574e-07,-2.706675641892493,8.311443768742531e-07,4.592219293358042e-08,216.70555505094563,7.928751685889784e-07,1.0
40.00600000000001,-7.339727515033147e-07,-3.6217440624115135e-07,8.184658212078725e-07,-2.6832036346205457,8.310561897595876e-07,4.592219293358042e-08,216.70555505094563,7.928751685889784e-07,1.0
40.505950000000006,-7.459221358360107e-07,-3.515150589962948e-07,8.245984898308537e-07,-2.701209244249941,8.309682058622747e-07,4.592219293358042e-08,216.70555505094563,7.928751685889784e-07,1.0
41.005900000000004,-7.681577117813486e-07,-3.7333496858584657e-07,8.54075681036612e-07,-2.6891967731233115,8.308804247140227e-07,4.592219293358042e-08,216.70555505094563,7.928751685889784e-07,1.0
41.50585000000001,-7.564073432967749e-07,-3.6384295379392787e-07,8.393650957829825e-07,-2.693248418488252,8.30792845847619e-07,4.592219293358042e-08,216.70555505094563,7.928751685889784e-07,1.0
42.00580000000001,-7.369907204895161e-07,-3.4570769359294465e-07,8.140449198275299e-07,-2.7029854794851897,8.307054687969279e-07,4.592219293358042e-08,216.70555505094563,7.928751685889784e-07,1.0
42.505750000000006,-7.458737438292555e-07,-3.5013342557430555e-07,8.239666603924382e-07,-2.7027010291431277,8.306182930968872e-07,4.592219293358042e-08,216.70555505094563,7.928751685889784e-07,1.0
43.005700000000004,-7.499747312100876e-07,-3.747477585158266e-07,8.38390112039902e-07,-2.6782006667570073,8.305313182835073e-07,4.592219293358042e-08,216.70555505094563,7.928751685889784e-07,1.0
43.50565000000001,-7.770445031456223e-07,-3.626012611908245e-07,8.574834310270978e-07,-2.7049861085927547,8.304445438938669e-07,4.592219293358042e-08,216.70555505094563,7.928751685889784e-07,1.0
44.00560000000001,-7.379844884206676e-07,-3.635274644190285e-07,8.226623381050349e-07,-2.683886578764326,8.303579694661123e-07,4.592219293358042e-08,216.70555505094563,7.928751685889784e-07,1.0
44.50555000000001,-7.276697244660215e-07,-3.5799851758792427e-07,8.109661931915579e-07,-2.6843820840620967,8.302715945394534e-07,4.592219293358042e-08,216.70555505094563,7.928751685889784e-07,1.0
45.005500000000005,-7.572757248839621e-07,-3.668666007948284e-07,8.414616011900259e-07,-2.690457571851296,8.301854186541622e-07,4.592219293358042e-08,216.70555505094563,7.928751685889784e-07,1.0
45.50545000000001,-7.337325854156887e-07,-3.613060476289862e-07,8.178664725699851e-07,-2.6840258233008676,8.300994413515703e-07,4.592219293358042e-08,216.70555505094563,7.928751685889784e-07,1.0
46.00540000000001,-7.237309112359655e-07,-3.541783115386652e-07,8.057472980052871e-07,-2.6864783330613586,8.30013662174066e-07,4.592219293358042e-08,216.70555505094563,7.928751685889784e-07,1.0
46.50535000000001,-7.091381841925351e-07,-3.584509786027219e-07,7.945842109815263e-07,-2.673575368165649,8.299280806650921e-07,4.592219293358042e-08,216.70555505094563,7.928751685889784e-07,1.0
47.005300000000005,-7.04870468165112e-07,-3.5635970205146564e-07,7.898320164044462e-07,-2.6735008560230074,8.298426963691436e-07,4.592219293358042e-08,216.70555505094563,7.928751685889784e-07,1.0
47.50525000000001,-7.682744690698015e-07,-3.8223096309903313e-07,8.581061525103406e-07,-2.6799320040375183,8.297575088317651e-07,4.592219293358042e-08,216.70555505094563,7.928751685889784e-07,1.0
48.00520000000001,-7.502067402781373e-07,-3.572763928547146e-07,8.309371661263111e-07,-2.6971353186229283,8.296725175995484e-07,4.592219293358042e-08,216.70555505094563,7.928751685889784e-07,1.0
48.50515000000001,-7.33793746939689e-07,-3.5285536603694453e-07,8.142236623857441e-07,-2.6933702952829863,8.295877222201302e-07,4.592219293358042e-08,216.70555505094563,7.928751685889784e-07,1.0
49.00510000000001,-7.560362073302251e-07,-3.605091893813495e-07,8.375903667203134e-07,-2.696643160294366,8.295031222421898e-07,4.592219293358042e-08,216.70555505094563,7.928751685889784e-07,1.0
49.50505000000001,-7.509306201418019e-07,-3.689755249844987e-07,8.366837719856514e-07,-2.684882775431357,8.294187172154462e-07,4.592219293358042e-08,216.70555505094563,7.928751685889784e-07,1.0
50.00500000000001,-7.187650777207662e-07,-3.460399485669472e-07,7.977260701237954e-07,-2.692905594567997,8.29334506690656e-07,4.592219293358042e-08,216.70555505094563,7.928751685889784e-07,1.0
50.50495000000001,-7.37372024515597e-07,-3.646111669453241e-07,8.225927337385501e-07,-2.6823757479272405,8.292504902196114e-07,4.592219293358042e-08,216.70555505094563,7.928751685889784e-07,1.0
51.00490000000001,-7.44012874059951e-07,-3.619625091043174e-07,8.273886721269766e-07,-2.6888029872531956,8.291666673551371e-07,4.592219293358042e-08,216.70555505094563,7.928751685889784e-07,1.0
51.50485000000001,-7.233484334281012e-07,-3.2931392978363776e-07,7.947833796025373e-07,-2.7143704691693014,8.290830376510885e-07,4.592219293358042e-08,216.70555505094563,7.928751685889784e-07,1.0
52.00480000000001,-7.447450337184851e-07,-3.493272739705642e-07,8.226024006700036e-07,-2.7030050850694676,8.289996006623489e-07,4.592219293358042e-08,216.70555505094563,7.928751685889784e-07,1.0
52.50475000000001,-7.473317697234906e-07,-3.773464474574257e-07,8.371947894288306e-07,-2.6740128608381486,8.289163559448274e-07,4.592219293358042e-08,216.70555505094563,7.928751685889784e-07,1.0
53.004700000000014,-7.595182255695732e-07,-3.5833012744749247e-07,8.398026049071824e-07,-2.70076985052049,8.288333030554564e-07,4.592219293358042e-08,216.70555505094563,7.928751685889784e-07,1.0
53.50465000000001,-7.584673967527835e-07,-3.600320575863593e-07,8.39580773021162e-07,-2.6984024778496187,8.287504415521896e-07,4.592219293358042e-08,216.70555505094563,7.928751685889784e-07,1.0
54.00460000000001,-7.370319875791759e-07,-3.54061262064362e-07,8.176646794435475e-07,-2.693757448132446,8.286677709939989e-07,4.592219293358042e-08,216.70555505094563,7.928751685889784e-07,1.0
54.50455000000001,-7.563771427915429e-07,-3.690615276263109e-07,8.41613208850339e-07,-2.6876449923226264,8.285852909408727e-07,4.592219293358042e-08,216.70555505094563,7.928751685889784e-07,1.0
55.004500000000014,-7.452626465752323e-07,-3.7919377236295216e-07,8.361843871893125e-07,-2.6709254431865883,8.285030009538134e-07,4.592219293358042e-08,216.70555505094563,7.928751685889784e-07,1.0
55.50445000000001,-7.604806517415036e-07,-3.5537833015237644e-07,8.394191915932549e-07,-2.7044393718558455,8.284209005948349e-07,4.592219293358042e-08,216.70555505094563,7.928751685889784e-07,1.0
56.00440000000001,-7.605697959555827e-07,-3.495679407927494e-07,8.370568437985559e-07,-2.710773182005018,8.283389894269607e-07,4.592219293358042e-08,216.70555505094563,7.928751685889784e-07,1.0
56.50435000000001,-7.450652455083954e-07,-3.5899739044804997e-07,8.270437391172218e-07,-2.692583583784312,8.282572670142209e-07,4.592219293358042e-08,216.70555505094563,7.928751685889784e-07,1.0
57.004300000000015,-7.247242012060446e-07,-3.5435346174004226e-07,8.067165200123839e-07,-2.6868245435398563,8.281757329216504e-07,4.592219293358042e-08,216.70555505094563,7.928751685889784e-07,1.0
57.504250000000006,-7.353715164318634e-07,-3.850377288746799e-07,8.300754904442547e-07,-2.6592467708066687,8.280943867152864e-07,4.592219293358042e-08,216.70555505094563,7.928751685889784e-07,1.0
58.00420000000001,-7.220301174336269e-07,-3.6261236824353675e-07,8.079698138448016e-07,-2.6761768129135484,8.280132279621661e-07,4.592219293358042e-08,216.70555505094563,7.928751685889784e-07,1.0
58.50415000000001,-7.578204640670722e-07,-3.670606851149321e-07,8.420364613933746e-07,-2.6905321917282463,8.279322562303245e-07,4.592219293358042e-08,216.70555505094563,7.928751685889784e-07,1.0
59.004100000000015,-7.368513060001701e-07,-3.534851242084675e-07,8.172524580512633e-07,-2.6942971651875425,8.27851471088792e-07,4.592219293358042e-08,216.70555505094563,7.928751685889784e-07,1.0
59.50405000000001,-7.532448896369357e-07,-3.732116693412521e-07,8.406335788538567e-07,-2.681574089516785,8.27770872107592e-07,4.592219293358042e-08,216.70555505094563,7.928751685889784e-07,1.0
60.00400000000001,-7.550214609064569e-07,-3.6225098807594734e-07,8.374265250105948e-07,-2.694244185403979,8.276904588577387e-07,4.592219293358042e-08,216.70555505094563,7.928751685889784e-07,1.0
60.50395000000001,-7.669151397185862e-07,-3.649219984368095e-07,8.493096587656904e-07,-2.697466513522977,8.276102309112352e-07,4.592219293358042e-08,216.70555505094563,7.928751685889784e-07,1.0
61.003900000000016,-7.563411241642844e-07,-3.499730156633791e-07,8.333864696493538e-07,-2.708212518832921,8.275301878410705e-07,4.592219293358042e-08,216.70555505094563,7.928751685889784e-07,1.0
61.50385,-7.453164219117988e-07,-3.7245770912769005e-07,8.331994442269231e-07,-2.6781602803163067,8.274503292212178e-07,4.592219293358042e-08,216.70555505094563,7.928751685889784e-07,1.0
62.00380000000001,-7.274613572599409e-07,-3.4536770284840996e-07,8.052818615101566e-07,-2.69834223042583,8.273706546266319e-07,4.592219293358042e-08,216.70555505094563,7.928751685889784e-07,1.0
62.503750000000004,-7.12228679277231e-07,-3.468480293470122e-07,7.921952076646858e-07,-2.6884073536362316,8.272911636332472e-07,4.592219293358042e-08,216.70555505094563,7.928751685889784e-07,1.0
63.0037,-7.462612104414651e-07,-3.6804002702975007e-07,8.320812795067677e-07,-2.6834170752508206,8.272118558179752e-07,4.592219293358042e-08,216.70555505094563,7.928751685889784e-07,1.0
63.50365000000001,-7.532997240817108e-07,-3.5664620859730065e-07,8.334608523550527e-07,-2.6994135826329,8.271327307587024e-07,4.592219293358042e-08,216.70555505094563,7.928751685889784e-07,1.0
64.0036,-7.570044213938899e-07,-3.867409711291471e-07,8.500730984802506e-07,-2.669276303444901,8.27053788034288e-07,4.592219293358042e-08,216.70555505094563,7.928751685889784e-07,1.0
64.50355,-7.258447318462083e-07,-3.740496815366419e-07,8.165560231891976e-07,-2.665756266592869,8.269750272245617e-07,4.592219293358042e-08,216.70555505094563,7.928751685889784e-07,1.0
65.0035,-7.525670675177879e-07,-3.7619912004139045e-07,8.413578127243124e-07,-2.678034782775509,8.268964479103215e-07,4.592219293358042e-08,216.70555505094563,7.928751685889784e-07,1.0
65.50345,-7.279186349679539e-07,-3.5957995026597986e-07,8.118887114419647e-07,-2.6827696470990974,8.268180496733313e-07,4.592219293358042e-08,216.70555505094563,7.928751685889784e-07,1.0
66.0034,-7.177520560359325e-07,-3.587672338116889e-07,8.024225457953555e-07,-2.678066312986873,8.267398320963187e-07,4.592219293358042e-08,216.70555505094563,7.928751685889784e-07,1.0
66.50335000000001,-7.505933966782103e-07,-3.476714576836364e-07,8.272036566800207e-07,-2.7078197217585744,8.266617947629731e-07,4.592219293358042e-08,216.70555505094563,7.928751685889784e-07,1.0
67.0033,-7.309119103601689e-07,-3.2831266482064806e-07,8.012623955908493e-07,-2.719418967568537,8.265839372579432e-07,4.592219293358042e-08,216.70555505094563,7.928751685889784e-07,1.0
67.50325000000001,-7.639501564537205e-07,-3.6979763858556393e-07,8.4874621356983e-07,-2.690778247174375,8.265062591668345e-07,4.592219293358042e-08,216.70555505094563,7.928751685889784e-07,1.0
68.0032,-7.513185070356865e-07,-3.7704014829287414e-07,8.406180895264183e-07,-2.6764757563420645,8.264287600762076e-07,4.592219293358042e-08,216.70555505094563,7.928751685889784e-07,1.0
68.50315,-7.371661943162474e-07,-3.604824879316658e-07,8.205861454765751e-07,-2.6867747078024533,8.263514395735763e-07,4.592219293358042e-08,216.70555505094563,7.928751685889784e-07,1.0
69.0031,-7.240775798520354e-07,-3.6483478839712893e-07,8.107976100539262e-07,-2.6748606484427677,8.262742972474042e-07,4.592219293358042e-08,216.70555505094563,7.928751685889784e-07,1.0
69.50305,-7.618208479377488e-07,-3.3757132997213514e-07,8.332619079087599e-07,-2.72448222464669,8.261973326871036e-07,4.592219293358042e-08,216.70555505094563,7.928751685889784e-07,1.0
70.003,-7.730117553287795e-07,-3.5934808497319965e-07,8.524542334051645e-07,-2.706443884376044,8.261205454830329e-07,4.592219293358042e-08,216.70555505094563,7.928751685889784e-07,1.0
70.50295000000001,-7.629439732237339e-07,-3.5203163567954823e-07,8.402438805475681e-07,-2.7092889950148744,8.260439352264946e-07,4.592219293358042e-08,216.70555505094563,7.928751685889784e-07,1.0
71.00290000000001,-7.542166216601582e-07,-3.7043922099325e-07,8.402784829082248e-07,-2.6850439594269373,8.259675015097329e-07,4.592219293358042e-08,216.70555505094563,7.928751685889784e-07,1.0
71.50285000000001,-7.399252828098594e-07,-3.8072154877148517e-07,8.32128789214872e-07,-2.666380399882811,8.258912439259314e-07,4.592219293358042e-08,216.70555505094563,7.928751685889784e-07,1.0
72.00280000000001,-7.584441281744619e-07,-3.5620442363186337e-07,8.379254662422115e-07,-2.7025172484988143,8.258151620692115e-07,4.592219293358042e-08,216.70555505094563,7.928751685889784e-07,1.0
72.50275,-7.298203569463887e-07,-3.501058675593707e-07,8.094515871334454e-07,-2.694304230327088,8.257392555346298e-07,4.592219293358042e-08,216.70555505094563,7.928751685889784e-07,1.0
73.00270000000002,-7.398296153421126e-07,-3.5231261915100806e-07,8.194339761996092e-07,-2.6971593379633947,8.25663523918176e-07,4.592219293358042e-08,216.70555505094563,7.928751685889784e-07,1.0
73.50265,-7.516667184446393e-07,-3.611250967585379e-07,8.339149783558249e-07,-2.6937212519306044,8.255879668167707e-07,4.592219293358042e-08,216.70555505094563,7.928751685889784e-07,1.0
74.0026,-7.576643876483714e-07,-3.638876986570103e-07,8.405174486853184e-07,-2.693848731467349,8.255125838282636e-07,4.592219293358042e-08,216.70555505094563,7.928751685889784e-07,1.0
74.50255000000001,-7.753435542417315e-07,-3.637701515114843e-07,8.564381765398417e-07,-2.7029094672059046,8.254373745514311e-07,4.592219293358042e-08,216.70555505094563,7.928751685889784e-07,1.0
75.00250000000001,-7.482938848861754e-07,-3.4518550423273006e-07,8.240732798061401e-07,-2.7093841972420187,8.253623385859738e-07,4.592219293358042e-08,216.70555505094563,7.928751685889784e-07,1.0
75.50245,-7.43994997638686e-07,-3.7707278725408476e-07,8.340937857333266e-07,-2.672502612975361,8.252874755325152e-07,4.592219293358042e-08,216.70555505094563,7.928751685889784e-07,1.0
76.00240000000001,-7.277769229360976e-07,-3.5450967822576336e-07,8.09528480977704e-07,-2.688307606354042,8.252127849925987e-07,4.592219293358042e-08,216.70555505094563,7.928751685889784e-07,1.0
76.50235,-7.346263641565281e-07,-3.618498503179526e-07,8.189085474514016e-07,-2.683912232860161,8.251382665686863e-07,4.592219293358042e-08,216.70555505094563,7.928751685889784e-07,1.0
77.00230000000002,-7.555306748206762e-07,-3.5744309360882267e-07,8.358182612049297e-07,-2.699694031602146,8.250639198641559e-07,4.592219293358042e-08,216.70555505094563,7.928751685889784e-07,1.0
77.50225,-7.298246337265863e-07,-3.697256094730723e-07,8.181326434597147e-07,-2.6726828665161557,8.249897444832992e-07,4.592219293358042e-08,216.70555505094563,7.928751685889784e-07,1.0
78.0022,-7.261668761982349e-07,-3.46038429232771e-07,8.044009737645685e-07,-2.696898816091432,8.249157400313201e-07,4.592219293358042e-08,216.70555505094563,7.928751685889784e-07,1.0
78.50215000000001,-7.33898888298845e-07,-3.603860136778822e-07,8.17609721750491e-07,-2.685125195418965,8.248419061143321e-07,4.592219293358042e-08,216.70555505094563,7.928751685889784e-07,1.0
79.00210000000001,-7.272657218033937e-07,-3.5033848901252515e-07,8.072499532324485e-07,-2.692675646556786,8.247682423393563e-07,4.592219293358042e-08,216.70555505094563,7.928751685889784e-07,1.0
79.50205,-7.458307908566633e-07,-3.5012424253861374e-07,8.239238762186186e-07,-2.702688965426131,8.246947483143193e-07,4.592219293358042e-08,216.70555505094563,7.928751685889784e-07,1.0
80.00200000000001,-7.552231568513595e-07,-3.707550982429511e-07,8.413211987806283e-07,-2.685234385007561,8.246214236480517e-07,4.592219293358042e-08,216.70555505094563,7.928751685889784e-07,1.0
80.50195000000001,-7.136645081562335e-07,-3.4991567323295336e-07,7.948320631277715e-07,-2.685728374837132,8.245482679502849e-07,4.592219293358042e-08,216.70555505094563,7.928751685889784e-07,1.0
81.0019,-7.461042575861344e-07,-3.536309493335661e-07,8.256672522964175e-07,-2.6989851338539577,8.244752808316498e-07,4.592219293358042e-08,216.70555505094563,7.928751685889784e-07,1.0
81.50185,-7.566938767274163e-07,-3.590533081449604e-07,8.375588941481108e-07,-2.698550125349475,8.244024619036748e-07,4.592219293358042e-08,216.70555505094563,7.928751685889784e-07,1.0
82.0018,-7.611772920159773e-07,-3.5959584188718365e-07,8.418432391979689e-07,-2.7002509693675796,8.243298107787832e-07,4.592219293358042e-08,216.70555505094563,7.928751685889784e-07,1.0
82.50175000000002,-7.407235170597805e-07,-3.617474697099965e-07,8.243376496114902e-07,-2.687291901843286,8.242573270702917e-07,4.592219293358042e-08,216.70555505094563,7.928751685889784e-07,1.0
83.00170000000001,-7.188707377108143e-07,-3.4811426072469906e-07,7.987231535750007e-07,-2.6906230021031936,8.241850103924076e-07,4.592219293358042e-08,216.70555505094563,7.928751685889784e-07,1.0
83.50165,-7.560582458178058e-07,-3.664583918490442e-07,8.401879694602186e-07,-2.6902630479161727,8.241128603602279e-07,4.592219293358042e-08,216.70555505094563,7.928751685889784e-07,1.0
84.00160000000001,-7.620026251028491e-07,-3.844510204932982e-07,8.534931679995872e-07,-2.674329878796341,8.240408765897359e-07,4.592219293358042e-08,216.70555505094563,7.928751685889784e-07,1.0
84.50155000000001,-7.322244552709512e-07,-3.48708084510711e-07,8.110178673124103e-07,-2.697140299666779,8.239690586978003e-07,4.592219293358042e-08,216.70555505094563,7.928751685889784e-07,1.0
85.00150000000001,-7.311040304771171e-07,-3.629552214742812e-07,8.162411384972764e-07,-2.680790583703703,8.238974063021724e-07,4.592219293358042e-08,216.70555505094563,7.928751685889784e-07,1.0
85.50145,-7.296342374618175e-07,-3.5706620203649054e-07,8.123191448644132e-07,-2.6864795163543245,8.238259190214845e-07,4.592219293358042e-08,216.70555505094563,7.928751685889784e-07,1.0
86.0014,-7.556535616837788e-07,-3.5110813294349515e-07,8.332401972447366e-07,-2.706629645743195,8.237545964752477e-07,4.592219293358042e-08,216.70555505094563,7.928751685889784e-07,1.0
86.50135000000002,-7.652746858212143e-07,-3.613207874760592e-07,8.462848552473794e-07,-2.700476134360915,8.236834382838497e-07,4.592219293358042e-08,216.70555505094563,7.928751685889784e-07,1.0
87.00130000000001,-7.436512843359764e-07,-3.591983311193337e-07,8.258575384250371e-07,-2.691621207736586,8.236124440685534e-07,4.592219293358042e-08,216.70555505094563,7.928751685889784e-07,1.0
87.50125,-7.525094118209214e-07,-3.518239476473645e-07,8.30692786183463e-07,-2.7042532727475668,8.23541613451494e-07,4.592219293358042e-08,216.70555505094563,7.928751685889784e-07,1.0
88.00120000000001,-7.523410406617905e-07,-3.84114232708677e-07,8.447252720461497e-07,-2.669533841133058,8.234709460556777e-07,4.592219293358042e-08,216.70555505094563,7.928751685889784e-07,1.0
88.50115000000001,-7.216570340719641e-07,-3.6901307995551107e-07,8.10530399185494e-07,-2.6689131869837084,8.234004415049793e-07,4.592219293358042e-08,216.70555505094563,7.928751685889784e-07,1.0
89.00110000000001,-6.881977366402256e-07,-3.552304215958501e-07,7.744706431775801e-07,-2.665088988284586,8.233300994241406e-07,4.592219293358042e-08,216.70555505094563,7.928751685889784e-07,1.0
89.50105,-7.192232759210215e-07,-3.615889868391197e-07,8.05002308089801e-07,-2.6757480371914477,8.232599194387677e-07,4.592219293358042e-08,216.70555505094563,7.928751685889784e-07,1.0
90.001,-7.573107592129083e-07,-3.5156994789590287e-07,8.349377307818585e-07,-2.7069643908767373,8.2318990117533e-07,4.592219293358042e-08,216.70555505094563,7.928751685889784e-07,1.0
90.50095,-7.361025615599867e-07,-3.4625444309048243e-07,8.134734909602611e-07,-2.7019133131177626,8.231200442611572e-07,4.592219293358042e-08,216.70555505094563,7.928751685889784e-07,1.0
91.00090000000002,-7.630257762733611e-07,-3.6655563500023173e-07,8.465053861659643e-07,-2.6937497058380195,8.23050348324438e-07,4.592219293358042e-08,216.70555505094563,7.928751685889784e-07,1.0
91.50085,-7.322980121417938e-07,-3.3460849918468443e-07,8.05123112519725e-07,-2.7129911912536837,8.229808129942178e-07,4.592219293358042e-08,216.70555505094563,7.928751685889784e-07,1.0
92.00080000000001,-7.324191238418344e-07,-3.509130901619022e-07,8.121439341743652e-07,-2.69479209214366,8.229114379003968e-07,4.592219293358042e-08,216.70555505094563,7.928751685889784e-07,1.0
92.50075000000001,-7.449900181519159e-07,-3.6752176885703334e-07,8.307119703782981e-07,-2.683299755601983,8.228422226737284e-07,4.592219293358042e-08,216.70555505094563,7.928751685889784e-07,1.0
93.00070000000001,-7.373031226663673e-07,-3.698101029783935e-07,8.248487176194592e-07,-2.6766887761365887,8.227731669458163e-07,4.592219293358042e-08,216.70555505094563,7.928751685889784e-07,1.0
93.50065000000001,-7.385144888046881e-07,-3.611722323137374e-07,8.221003780372189e-07,-2.68674147395929,8.227042703491136e-07,4.592219293358042e-08,216.70555505094563,7.928751685889784e-07,1.0
94.0006,-7.539102642922175e-07,-3.724020373038224e-07,8.408709556128091e-07,-2.682788151278786,8.226355325169202e-07,4.592219293358042e-08,216.70555505094563,7.928751685889784e-07,1.0
94.50055,-7.154267486953019e-07,-3.5877551860463343e-07,8.003469906851367e-07,-2.676758045776778,8.225669530833809e-07,4.592219293358042e-08,216.70555505094563,7.928751685889784e-07,1.0
95.00050000000002,-7.505359929810591e-07,-3.4791697223547017e-07,8.272547952895537e-07,-2.7075212608692,8.224985316834838e-07,4.592219293358042e-08,216.70555505094563,7.928751685889784e-07,1.0
95.50045000000001,-7.301101384808467e-07,-3.711391570950947e-07,8.190269154562496e-07,-2.6713008018347097,8.224302679530581e-07,4.592219293358042e-08,216.70555505094563,7.928751685889784e-07,1.0
96.0004,-7.515035882911043e-07,-3.461414303275502e-07,8.273883809938402e-07,-2.709960044934683,8.223621615287721e-07,4.592219293358042e-08,216.70555505094563,7.928751685889784e-07,1.0
96.50035000000001,-7.363519722724864e-07,-3.4726435053123334e-07,8.141294468445787e-07,-2.7009212203265838,8.222942120481312e-07,4.592219293358042e-08,216.70555505094563,7.928751685889784e-07,1.0
97.00030000000001,-7.524890780799756e-07,-3.541353724720073e-07,8.316559833642388e-07,-2.7017251941340206,8.222264191494765e-07,4.592219293358042e-08,216.70555505094563,7.928751685889784e-07,1.0
97.50025000000002,-7.319331837055468e-07,-3.5209370572459515e-07,8.122168202027187e-07,-2.693222700716692,8.221587824719821e-07,4.592219293358042e-08,216.70555505094563,7.928751685889784e-07,1.0
98.0002,-7.59550087168898e-07,-3.542882266237147e-07,8.381148384573902e-07,-2.705147657822659,8.22091301655654e-07,4.592219293358042e-08,216.70555505094563,7.928751685889784e-07,1.0
98.50015,-7.381919525874612e-07,-3.62640006147057e-07,8.224567665982365e-07,-2.6849660126431796,8.220239763413276e-07,4.592219293358042e-08,216.70555505094563,7.928751685889784e-07,1.0
99.00010000000002,-7.20933048442584e-07,-3.6575269905312665e-07,8.08405527691e-07,-2.6720963395763704,8.219568061706656e-07,4.592219293358042e-08,216.70555505094563,7.928751685889784e-07,1.0
99.50005000000002,-7.380983839887447e-07,-3.71417556561796e-07,8.26280960551029e-07,-2.6753813500481405,8.21889790786157e-07,4.592219293358042e-08,216.70555505094563,7.928751685889784e-07,1.0
100.0,-7.463243181110596e-07,-3.6973866311475644e-07,8.328905491154437e-07,-2.681621487740979,8.218229298311144e-07,4.592219293358042e-08,216.70555505094563,7.928751685889784e-07,1.0
