# freq_Hz, abs_amp(|S21|), amplitude_dBm
6.774710847501651764e+09,9.100986130002066657e-05,-6.780793099338880836e+01
6.774713247501651764e+09,9.293885275046294544e-05,-6.762575389961627081e+01
6.774715647501651764e+09,9.287548718692880073e-05,-6.763167794523333498e+01
6.774718047501651764e+09,9.283476028449703346e-05,-6.763548763683958498e+01
6.774720447501651764e+09,9.267524590262248604e-05,-6.765042510233374173e+01
6.774722847501651764e+09,9.260051576337638521e-05,-6.765743193119784848e+01
6.774725247501651764e+09,9.247388247043248320e-05,-6.766931821032842720e+01
6.774727647501651764e+09,9.242279888643072647e-05,-6.767411771652820107e+01
6.774730047501651764e+09,9.227133242767171864e-05,-6.768836420319489378e+01
6.774732447501651764e+09,9.217635700523917964e-05,-6.769730924461040900e+01
6.774734847501651764e+09,9.214232343771125162e-05,-6.770051686105152555e+01
6.774737247501651764e+09,9.195546201921051086e-05,-6.771814942748426347e+01
6.774739647501651764e+09,9.180349508434065874e-05,-6.773251572936837306e+01
6.774742047501651764e+09,9.173356248203241132e-05,-6.773913484926930551e+01
6.774744447501651764e+09,9.164073789839680107e-05,-6.774792849326796329e+01
6.774746847501651764e+09,9.153178454156328091e-05,-6.775826145076786133e+01
6.774749247501651764e+09,9.135754974927725572e-05,-6.777481118168162766e+01
6.774751647501651764e+09,9.118869531479689076e-05,-6.779088000194769847e+01
6.774754047501651764e+09,9.122897676666036717e-05,-6.778704396734599413e+01
6.774756447501651764e+09,9.103366291562673741e-05,-6.780565968812341282e+01
6.774758847501651764e+09,9.089446953069644196e-05,-6.781895085534981149e+01
6.774761247501651764e+09,9.085115357903713012e-05,-6.782309112102848303e+01
6.774763647501651764e+09,9.069340163383096394e-05,-6.783818621798151582e+01
6.774766047501651764e+09,9.049265939832898972e-05,-6.785743301441586084e+01
6.774768447501651764e+09,9.050463807916108165e-05,-6.785628332321803668e+01
6.774770847501651764e+09,9.035301898212448678e-05,-6.787084667733640231e+01
6.774773247501651764e+09,9.019079786382882690e-05,-6.788645546565471989e+01
6.774775647501651764e+09,9.008020027273766191e-05,-6.789711318210282798e+01
6.774778047501651764e+09,8.992072231045753264e-05,-6.791250430702194762e+01
6.774780447501651764e+09,8.984218233569390478e-05,-6.792009418879119664e+01
6.774782847501651764e+09,8.964901268402193212e-05,-6.793878982367664321e+01
6.774785247501651764e+09,8.953278699803155860e-05,-6.795005797284130722e+01
6.774787647501651764e+09,8.946730286843301296e-05,-6.795641314225531460e+01
6.774790047501651764e+09,8.932053235143104985e-05,-6.797067398721276277e+01
6.774792447501651764e+09,8.912269683165512720e-05,-6.798993364983132892e+01
6.774794847501651764e+09,8.889839534299026646e-05,-6.801182160685226563e+01
6.774797247501651764e+09,8.881217434009322737e-05,-6.802024998762607311e+01
6.774799647501651764e+09,8.872160984409528694e-05,-6.802911177457231418e+01
6.774802047501651764e+09,8.852938536408159348e-05,-6.804795106257428472e+01
6.774804447501651764e+09,8.843747916297224675e-05,-6.805697294578155265e+01
6.774806847501651764e+09,8.821696862219346395e-05,-6.807865744045508904e+01
6.774809247501651764e+09,8.800525830691567413e-05,-6.809952760366313385e+01
6.774811647501651764e+09,8.792194383916452640e-05,-6.810775441927108886e+01
6.774814047501651764e+09,8.778473100824488802e-05,-6.812132038936982781e+01
6.774816447501651764e+09,8.755724060369196073e-05,-6.814385871990407395e+01
6.774818847501651764e+09,8.749577445107393733e-05,-6.814995845191829460e+01
6.774821247501651764e+09,8.735836282498422195e-05,-6.816361031607775089e+01
6.774823647501651764e+09,8.708383238919083832e-05,-6.819094937854809757e+01
6.774826047501651764e+09,8.697285722737734589e-05,-6.820202528882555271e+01
6.774828447501651764e+09,8.681630008509945971e-05,-6.821767457844467231e+01
6.774830847501651764e+09,8.668524211957116506e-05,-6.823079671242473410e+01
6.774833247501651764e+09,8.640248130060880093e-05,-6.825917574940991983e+01
6.774835647501651764e+09,8.630069420166896533e-05,-6.826941425959097387e+01
6.774838047501651764e+09,8.621427133750098211e-05,-6.827811680340585099e+01
6.774840447501651764e+09,8.597553132077652221e-05,-6.830220267532426703e+01
6.774842847501651764e+09,8.590970199827116570e-05,-6.830885579202481495e+01
6.774845247501651764e+09,8.558975208223039259e-05,-6.834126467518403558e+01
6.774847647501651764e+09,8.548634032661470963e-05,-6.835176553703223590e+01
6.774850047501651764e+09,8.526220532473805815e-05,-6.837456881188384727e+01
6.774852447501651764e+09,8.512395930533616815e-05,-6.838866373483179473e+01
6.774854847501651764e+09,8.510792043477765484e-05,-6.839030046539265584e+01
6.774857247501651764e+09,8.478137035979591875e-05,-6.842369140360224833e+01
6.774859647501651764e+09,8.457372813760716636e-05,-6.844499053596823046e+01
6.774862047501651764e+09,8.437224272156197702e-05,-6.846570817614943394e+01
6.774864447501651764e+09,8.426027945401266112e-05,-6.847724214024847811e+01
6.774866847501651764e+09,8.407141178426512200e-05,-6.849673323443219886e+01
6.774869247501651764e+09,8.386450373206232403e-05,-6.851813641564571356e+01
6.774871647501651764e+09,8.365878371055691801e-05,-6.853946911904012040e+01
6.774874047501651764e+09,8.355223225969589395e-05,-6.855053889530879019e+01
6.774876447501651764e+09,8.335279112435616769e-05,-6.857129710234465847e+01
6.774878847501651764e+09,8.309796903199133476e-05,-6.859789185383387178e+01
6.774881247501651764e+09,8.292781181909884337e-05,-6.861569592356579506e+01
6.774883647501651764e+09,8.286603953013932334e-05,-6.862216838686951803e+01
6.774886047501651764e+09,8.254139870410740301e-05,-6.865626356466481184e+01
6.774888447501651764e+09,8.235832782685436704e-05,-6.867554963775316423e+01
6.774890847501651764e+09,8.211776619732944599e-05,-6.870095750346807506e+01
6.774893247501651764e+09,8.199744102044709835e-05,-6.871369406106157385e+01
6.774895647501651764e+09,8.173186899328753268e-05,-6.874187143921867005e+01
6.774898047501651764e+09,8.154440116052986119e-05,-6.876181708863870767e+01
6.774900447501651764e+09,8.135657729839002570e-05,-6.878184665600299752e+01
6.774902847501651764e+09,8.119069712852599457e-05,-6.879957463518728389e+01
6.774905247501651764e+09,8.092471927497114003e-05,-6.882807601286393151e+01
6.774907647501651764e+09,8.073976458543368981e-05,-6.884795046746162939e+01
6.774910047501651764e+09,8.054024965496080560e-05,-6.886944061376907200e+01
6.774912447501651764e+09,8.018762319374139952e-05,-6.890755322467558130e+01
6.774914847501651764e+09,8.004169112885473644e-05,-6.892337492579309810e+01
6.774917247501651764e+09,7.997617666017027874e-05,-6.893048727498695882e+01
6.774919647501651764e+09,7.977156563311905697e-05,-6.895273772743230722e+01
6.774922047501651764e+09,7.948985857571910340e-05,-6.898346555716142348e+01
6.774924447501651764e+09,7.923882800742696202e-05,-6.901093917490213414e+01
6.774926847501651764e+09,7.909780053381850688e-05,-6.902641189788363363e+01
6.774929247501651764e+09,7.880091353277101350e-05,-6.905907499815239703e+01
6.774931647501651764e+09,7.862222438277438521e-05,-6.907879350870324231e+01
6.774934047501651764e+09,7.823718479439785900e-05,-6.912143574617803665e+01
6.774936447501651764e+09,7.809058157086249188e-05,-6.913772689935082383e+01
6.774938847501651764e+09,7.789072462159445933e-05,-6.915998516089612735e+01
6.774941247501651764e+09,7.756327912519489747e-05,-6.919657681607419875e+01
6.774943647501651764e+09,7.739315337301489990e-05,-6.921564919761949852e+01
6.774946047501651764e+09,7.712899747229671967e-05,-6.924534631513192551e+01
6.774948447501651764e+09,7.676833184959528256e-05,-6.928605797067534411e+01
6.774950847501651764e+09,7.644796482970771375e-05,-6.932238147795325744e+01
6.774953247501651764e+09,7.618327097884441046e-05,-6.935250773447108941e+01
6.774955647501651764e+09,7.598305338204057609e-05,-6.937536520915016069e+01
6.774958047501651764e+09,7.581373825609361451e-05,-6.939474181246376361e+01
6.774960447501651764e+09,7.561878549999797943e-05,-6.941710608425401574e+01
6.774962847501651764e+09,7.502399866954274953e-05,-6.948569588949814602e+01
6.774965247501651764e+09,7.478917407767544305e-05,-6.951292529959974331e+01
6.774967647501651764e+09,7.462442860923489140e-05,-6.953207966722644073e+01
6.774970047501651764e+09,7.429813751989258091e-05,-6.957014150030786936e+01
6.774972447501651764e+09,7.407367611830470173e-05,-6.959642207748422038e+01
6.774974847501651764e+09,7.370009768904544050e-05,-6.964033877307596754e+01
6.774977247501651764e+09,7.339574006483678959e-05,-6.967628296493609241e+01
6.774979647501651764e+09,7.314620048491686987e-05,-6.970586460331759326e+01
6.774982047501651764e+09,7.281888492831243783e-05,-6.974481955694648150e+01
6.774984447501651764e+09,7.242938968384523104e-05,-6.979140352947564452e+01
6.774986847501651764e+09,7.236698073042401405e-05,-6.979889097289512279e+01
6.774989247501651764e+09,7.195904100083920518e-05,-6.984799270609306632e+01
6.774991647501651764e+09,7.170413729700647663e-05,-6.987881574355468217e+01
6.774994047501651764e+09,7.133247585035000970e-05,-6.992395408264800949e+01
6.774996447501651764e+09,7.094779682086372306e-05,-6.997092177078781106e+01
6.774998847501651764e+09,7.068302845557645109e-05,-7.000339706668574991e+01
6.775001247501651764e+09,7.037368650652607702e-05,-7.004149400291565541e+01
6.775003647501651764e+09,6.989157975541331275e-05,-7.010120290499401108e+01
6.775006047501651764e+09,6.964984694389252443e-05,-7.013129671545299004e+01
6.775008447501651764e+09,6.933071851140764057e-05,-7.017118602238704739e+01
6.775010847501651764e+09,6.906670979327385849e-05,-7.020432469264811459e+01
6.775013247501651764e+09,6.866030299601275718e-05,-7.025558573089092818e+01
6.775015647501651764e+09,6.834152741246019664e-05,-7.029600642493053897e+01
6.775018047501651764e+09,6.790470226233700612e-05,-7.035170305675579527e+01
6.775020447501651764e+09,6.774733967797594628e-05,-7.037185512574774293e+01
6.775022847501651764e+09,6.741094243575063486e-05,-7.041509206703297252e+01
6.775025247501651764e+09,6.690992169846680926e-05,-7.047988961045359702e+01
6.775027647501651764e+09,6.661321204768211443e-05,-7.051849253192516187e+01
6.775030047501651764e+09,6.638164214278889392e-05,-7.054874020853384309e+01
6.775032447501651764e+09,6.594451830972627873e-05,-7.060612603715513558e+01
6.775034847501651764e+09,6.547384067251128771e-05,-7.066834369873853916e+01
6.775037247501651764e+09,6.526988281806873091e-05,-7.069544338359166602e+01
6.775039647501651764e+09,6.471123820217651406e-05,-7.077010584718553332e+01
6.775042047501651764e+09,6.449141194083412188e-05,-7.079966233826182531e+01
6.775044447501651764e+09,6.388639458383704468e-05,-7.088153245336627606e+01
6.775046847501651764e+09,6.359889034026681401e-05,-7.092070927860044094e+01
6.775049247501651764e+09,6.303238192740105738e-05,-7.099842566401437693e+01
6.775051647501651764e+09,6.258909799624330183e-05,-7.105972618822553954e+01
6.775054047501651764e+09,6.226680077107616036e-05,-7.110456899299539657e+01
6.775056447501651764e+09,6.183555892713002238e-05,-7.116493422939187496e+01
6.775058847501651764e+09,6.147562700098722563e-05,-7.121564070574117977e+01
6.775061247501651764e+09,6.101520761324572537e-05,-7.128093817613691385e+01
6.775063647501651764e+09,6.062796128426396189e-05,-7.133624075119284669e+01
6.775066047501651764e+09,6.008972913930642087e-05,-7.141369511555663507e+01
6.775068447501651764e+09,5.965038468149931454e-05,-7.147743506830799731e+01
6.775070847501651764e+09,5.899110482764949542e-05,-7.157396944289352803e+01
6.775073247501651764e+09,5.844590876971292445e-05,-7.165461772687594078e+01
6.775075647501651764e+09,5.807173046021614499e-05,-7.171040469089565761e+01
6.775078047501651764e+09,5.746504757940526574e-05,-7.180162463091542691e+01
6.775080447501651764e+09,5.697421513319343912e-05,-7.187613302078175082e+01
6.775082847501651764e+09,5.642159418243452429e-05,-7.196079298518900202e+01
6.775085247501651764e+09,5.586009721988114302e-05,-7.204766629897447672e+01
6.775087647501651764e+09,5.528956246228388012e-05,-7.213683698069239369e+01
6.775090047501651764e+09,5.474309227640875074e-05,-7.222311352763979642e+01
6.775092447501651764e+09,5.396882043612953155e-05,-7.234684152221831255e+01
6.775094847501651764e+09,5.330973672586264189e-05,-7.245356928867310842e+01
6.775097247501651764e+09,5.275079127011171744e-05,-7.254512047328658753e+01
6.775099647501651764e+09,5.211465777593315751e-05,-7.265050223921264205e+01
6.775102047501651764e+09,5.136316904423058157e-05,-7.277666381692485231e+01
6.775104447501651764e+09,5.094074756431156431e-05,-7.284839376293503221e+01
6.775106847501651764e+09,5.014023063265476998e-05,-7.298597349788114741e+01
6.775109247501651764e+09,4.963150633410433012e-05,-7.307455091553227078e+01
6.775111647501651764e+09,4.896421121397405261e-05,-7.319212479020963258e+01
6.775114047501651764e+09,4.848158667789347997e-05,-7.327816354867019299e+01
6.775116447501651764e+09,4.771232472296948790e-05,-7.341708849283095617e+01
6.775118847501651764e+09,4.711981164011107796e-05,-7.352562912926649119e+01
6.775121247501651764e+09,4.653789097622552240e-05,-7.363356608623747945e+01
6.775123647501651764e+09,4.597995694772193890e-05,-7.373832883752471901e+01
6.775126047501651764e+09,4.528486620654782312e-05,-7.387063826407624845e+01
6.775128447501651764e+09,4.486116113755725957e-05,-7.395228983938076794e+01
6.775130847501651764e+09,4.415802371588082139e-05,-7.408950747561019057e+01
6.775133247501651764e+09,4.353320443847805312e-05,-7.421328731646418930e+01
6.775135647501651764e+09,4.314137237294163058e-05,-7.429182091624679174e+01
6.775138047501651764e+09,4.246957113705117576e-05,-7.442814253428480242e+01
6.775140447501651764e+09,4.198611116802663504e-05,-7.452758701665479180e+01
6.775142847501651764e+09,4.143630859329052992e-05,-7.464207886777299450e+01
6.775145247501651764e+09,4.079000011437857305e-05,-7.477862591266233494e+01
6.775147647501651764e+09,4.024037904960650933e-05,-7.489645878412386537e+01
6.775150047501651764e+09,3.978991356137783381e-05,-7.499424012942333206e+01
6.775152447501651764e+09,3.914294933033624421e-05,-7.513662913064892734e+01
6.775154847501651764e+09,3.858909566544291970e-05,-7.526040802316828149e+01
6.775157247501651764e+09,3.813487408341471565e-05,-7.536325370853955974e+01
6.775159647501651764e+09,3.734138097708450209e-05,-7.554589253937047033e+01
6.775162047501651764e+09,3.684483258790552200e-05,-7.566216829222497608e+01
6.775164447501651764e+09,3.620926784303642437e-05,-7.581330517526842527e+01
6.775166847501651764e+09,3.561947003239374982e-05,-7.595595097367319681e+01
6.775169247501651764e+09,3.516974272734253444e-05,-7.606631621555084166e+01
6.775171647501651764e+09,3.488408692181320560e-05,-7.613715284405864736e+01
6.775174047501651764e+09,3.396765127768860753e-05,-7.636838967846726689e+01
6.775176447501651764e+09,3.344465539802986081e-05,-7.650316553347896331e+01
6.775178847501651764e+09,3.281970175083091221e-05,-7.666700744171637893e+01
6.775181247501651764e+09,3.214864894176060970e-05,-7.684644551804169055e+01
6.775183647501651764e+09,3.157015284411836796e-05,-7.700416635344329563e+01
6.775186047501651764e+09,3.120910563733108223e-05,-7.710407357895280711e+01
6.775188447501651764e+09,3.058138866549424271e-05,-7.728055599667500530e+01
6.775190847501651764e+09,2.976057102873575364e-05,-7.751687484442520315e+01
6.775193247501651764e+09,2.923669376193407964e-05,-7.767113486788537102e+01
6.775195647501651764e+09,2.851601258282064906e-05,-7.788792408985186455e+01
6.775198047501651764e+09,2.780695564688853857e-05,-7.810663116009355633e+01
6.775200447501651764e+09,2.713956486008236904e-05,-7.831764244024623167e+01
6.775202847501651764e+09,2.636551565678778327e-05,-7.856897464970899136e+01
6.775205247501651764e+09,2.557255630406819511e-05,-7.883421717367410508e+01
6.775207647501651764e+09,2.511973891257970082e-05,-7.898939762025382549e+01
6.775210047501651764e+09,2.442922273614986991e-05,-7.923150705818628126e+01
6.775212447501651764e+09,2.346370917703041278e-05,-7.958176670125227758e+01
6.775214847501651764e+09,2.269508909278008474e-05,-7.987106220402841927e+01
6.775217247501651764e+09,2.196848818406381222e-05,-8.015369662539612250e+01
6.775219647501651764e+09,2.112603349213841174e-05,-8.049334076410529804e+01
6.775222047501651764e+09,2.062266529558695564e-05,-8.070280417808331208e+01
6.775224447501651764e+09,1.949197570232613400e-05,-8.119258281654242637e+01
6.775226847501651764e+09,1.904266310108718732e-05,-8.139514636277925774e+01
6.775229247501651764e+09,1.791543314162456088e-05,-8.192515379192946057e+01
6.775231647501651764e+09,1.726131852350313564e-05,-8.224822070985430855e+01
6.775234047501651764e+09,1.636740406022451974e-05,-8.271010396485931437e+01
6.775236447501651764e+09,1.588458910887899765e-05,-8.297018033753403188e+01
6.775238847501651764e+09,1.515578942316687235e-05,-8.337812879352853201e+01
6.775241247501651764e+09,1.399745970944481055e-05,-8.406871552161430827e+01
6.775243647501651764e+09,1.361206751528742928e-05,-8.431121815312738477e+01
6.775246047501651764e+09,1.288849151760910051e-05,-8.478565824232038040e+01
6.775248447501651764e+09,1.169805708551548216e-05,-8.562742531631407417e+01
6.775250847501651764e+09,1.118782997444816889e-05,-8.601478289101507357e+01
6.775253247501651764e+09,1.049158034337657053e-05,-8.657288182817502786e+01
6.775255647501651764e+09,9.563550726608285266e-06,-8.737731672781436032e+01
6.775258047501651764e+09,8.722253133459086395e-06,-8.817712631482066854e+01
6.775260447501651764e+09,8.249292238334934567e-06,-8.866136626065555504e+01
6.775262847501651764e+09,7.313678351241964161e-06,-8.970698291225160403e+01
6.775265247501651764e+09,6.294112365383841742e-06,-9.101101020594212798e+01
6.775267647501651764e+09,5.586400914895514707e-06,-9.204705804019619109e+01
6.775270047501651764e+09,4.928689586720576908e-06,-9.313507070813962230e+01
6.775272447501651764e+09,4.178538999476583520e-06,-9.456921084507358444e+01
6.775274847501651764e+09,3.271964852003945641e-06,-9.669352744815884648e+01
6.775277247501651764e+09,2.666098739717341572e-06,-9.847217545147854878e+01
6.775279647501651764e+09,1.988101262314405706e-06,-1.010209300221708304e+02
6.775282047501651764e+09,1.359174260349203794e-06,-1.043241972154599182e+02
6.775284447501651764e+09,1.247684631228767906e-06,-1.050676035323494943e+02
6.775286847501651764e+09,1.377320832922835939e-06,-1.042089977126111222e+02
6.775289247501651764e+09,1.992649838931598533e-06,-1.010010802748759602e+02
6.775291647501651764e+09,2.566535047128161681e-06,-9.880275606109576358e+01
6.775294047501651764e+09,3.400285255932812248e-06,-9.635939299733310293e+01
6.775296447501651764e+09,4.028760175243070005e-06,-9.488627173539686055e+01
6.775298847501651764e+09,5.031971115397530133e-06,-9.295493725335786905e+01
6.775301247501651764e+09,5.840848373103232221e-06,-9.166018139906383055e+01
6.775303647501651764e+09,6.125917498938757961e-06,-9.124627717075915712e+01
6.775306047501651764e+09,7.057434124063144702e-06,-9.001676338296940116e+01
6.775308447501651764e+09,7.894166495313620577e-06,-8.904357440674729673e+01
6.775310847501651764e+09,8.600013468113367710e-06,-8.829971741587782219e+01
6.775313247501651764e+09,9.463119889365031090e-06,-8.746901319829589738e+01
6.775315647501651764e+09,9.968619108488518640e-06,-8.701699999668362295e+01
6.775318047501651764e+09,1.072659922142186853e-05,-8.638045895627146820e+01
6.775320447501651764e+09,1.174095955157653661e-05,-8.559562820576644526e+01
6.775322847501651764e+09,1.259417078959900759e-05,-8.498630847385749121e+01
6.775325247501651764e+09,1.344093599152543078e-05,-8.442110978537218102e+01
6.775327647501651764e+09,1.396290096609737330e-05,-8.409018688867462288e+01
6.775330047501651764e+09,1.436612645100871756e-05,-8.384290634765761752e+01
6.775332447501651764e+09,1.535930964779159592e-05,-8.326226612384155601e+01
6.775334847501651764e+09,1.636239172227968146e-05,-8.271276433065244760e+01
6.775337247501651764e+09,1.708452816758258743e-05,-8.233764026014344495e+01
6.775339647501651764e+09,1.766835330785389416e-05,-8.204577854121291125e+01
6.775342047501651764e+09,1.843674958932302048e-05,-8.167601290190356167e+01
6.775344447501651764e+09,1.901856188810691772e-05,-8.140614656070403043e+01
6.775346847501651764e+09,2.006351460755495777e-05,-8.094155979373128673e+01
6.775349247501651764e+09,2.072178726437621130e-05,-8.066115582731950440e+01
6.775351647501651764e+09,2.148623397781539808e-05,-8.034649402853605693e+01
6.775354047501651764e+09,2.220668829064747623e-05,-8.006002411267581920e+01
6.775356447501651764e+09,2.293013018187287270e-05,-7.978156963597594142e+01
6.775358847501651764e+09,2.377601039393985652e-05,-7.946692040461923057e+01
6.775361247501651764e+09,2.437336765345824710e-05,-7.925138925263314604e+01
6.775363647501651764e+09,2.524656811039670319e-05,-7.894565302952580055e+01
6.775366047501651764e+09,2.586455686384501234e-05,-7.873559920209470420e+01
6.775368447501651764e+09,2.688376981015366487e-05,-7.839989668061100758e+01
6.775370847501651764e+09,2.756938085468382585e-05,-7.818115978429413815e+01
6.775373247501651764e+09,2.841834302021275019e-05,-7.791772500232431753e+01
6.775375647501651764e+09,2.930205596320157333e-05,-7.765173817406092382e+01
6.775378047501651764e+09,2.995833038338849733e-05,-7.745934792521910595e+01
6.775380447501651764e+09,3.070310487767828600e-05,-7.724605412139969474e+01
6.775382847501651764e+09,3.153312766095759496e-05,-7.701435906257329123e+01
6.775385247501651764e+09,3.250634682766260136e-05,-7.675033674801488814e+01
6.775387647501651764e+09,3.308599888699738730e-05,-7.659681502736927428e+01
6.775390047501651764e+09,3.404916993711431275e-05,-7.634756946353826379e+01
6.775392447501651764e+09,3.443688887329618913e-05,-7.624922186031278670e+01
6.775394847501651764e+09,3.545975136511044992e-05,-7.599498632112995722e+01
6.775397247501651764e+09,3.600431870148896940e-05,-7.586260809705156305e+01
6.775399647501651764e+09,3.679240139573533764e-05,-7.567453735067830678e+01
6.775402047501651764e+09,3.760263890351097851e-05,-7.548533355915930088e+01
6.775404447501651764e+09,3.818422018756058664e-05,-7.535202152926639485e+01
6.775406847501651764e+09,3.881724403047161589e-05,-7.520920608632496851e+01
6.775409247501651764e+09,3.931261672370598429e-05,-7.509906099812405955e+01
6.775411647501651764e+09,4.003998438776159923e-05,-7.493982205398295093e+01
6.775414047501651764e+09,4.081093836382609891e-05,-7.477416843138090030e+01
6.775416447501651764e+09,4.126332735497468510e-05,-7.467841513744211568e+01
6.775418847501651764e+09,4.200008438075383994e-05,-7.452469678489791249e+01
6.775421247501651764e+09,4.273529901217776680e-05,-7.437396510343829448e+01
6.775423647501651764e+09,4.309219495041610769e-05,-7.430172772456531050e+01
6.775426047501651764e+09,4.401764157141132883e-05,-7.411716464928204573e+01
6.775428447501651764e+09,4.461287681574422313e-05,-7.400049545975645060e+01
6.775430847501651764e+09,4.529878282052977911e-05,-7.386796939004804585e+01
6.775433247501651764e+09,4.583207780823362216e-05,-7.376630911264940949e+01
6.775435647501651764e+09,4.642624543887143528e-05,-7.365442878274930649e+01
6.775438047501651764e+09,4.723794300820784560e-05,-7.350388048622191661e+01
6.775440447501651764e+09,4.749481494873768704e-05,-7.345677604541644712e+01
6.775442847501651764e+09,4.801021190422894184e-05,-7.336302758669954471e+01
6.775445247501651764e+09,4.882214956125319443e-05,-7.321736210747243945e+01
6.775447647501651764e+09,4.944180616999471620e-05,-7.310781348971660520e+01
6.775450047501651764e+09,4.991496012078257120e-05,-7.302508547390741001e+01
6.775452447501651764e+09,5.052647399065218542e-05,-7.291932020558300565e+01
6.775454847501651764e+09,5.085840099357476403e-05,-7.286244600976874608e+01
6.775457247501651764e+09,5.148025700886324919e-05,-7.275688591536724914e+01
6.775459647501651764e+09,5.202522369207365072e-05,-7.266542091901726508e+01
6.775462047501651764e+09,5.235176638950513560e-05,-7.261107324941521313e+01
6.775464447501651764e+09,5.280052801718062032e-05,-7.253693473139557568e+01
6.775466847501651764e+09,5.330755365091871349e-05,-7.245392498985384577e+01
6.775469247501651764e+09,5.388321444103569437e-05,-7.236063012403265304e+01
6.775471647501651764e+09,5.439139342738170507e-05,-7.227909634450809051e+01
6.775474047501651764e+09,5.471735008526805785e-05,-7.222719890918197905e+01
6.775476447501651764e+09,5.534079039637117823e-05,-7.212879289148588668e+01
6.775478847501651764e+09,5.573227345307746387e-05,-7.206756485674256396e+01
6.775481247501651764e+09,5.638720162403170724e-05,-7.196608920298439216e+01
6.775483647501651764e+09,5.679980246720601632e-05,-7.190276353602416748e+01
6.775486047501651764e+09,5.732611859442139911e-05,-7.182264928743752819e+01
6.775488447501651764e+09,5.774826519721346980e-05,-7.175892119903545563e+01
6.775490847501651764e+09,5.821173696578403454e-05,-7.168948887765891698e+01
6.775493247501651764e+09,5.870175358328761511e-05,-7.161667854305180470e+01
6.775495647501651764e+09,5.919491530049188275e-05,-7.154401197369156762e+01
6.775498047501651764e+09,5.946397666661251669e-05,-7.150462105576428939e+01
6.775500447501651764e+09,6.004060460583196041e-05,-7.142079890502864714e+01
6.775502847501651764e+09,6.049735271995113376e-05,-7.135497262445015565e+01
6.775505247501651764e+09,6.103008977341658223e-05,-7.127881986753791921e+01
6.775507647501651764e+09,6.146951584062205229e-05,-7.121650419433959200e+01
6.775510047501651764e+09,6.176010941780695970e-05,-7.117553890836498454e+01
6.775512447501651764e+09,6.215656623115929690e-05,-7.111995975634812339e+01
6.775514847501651764e+09,6.251125020181225623e-05,-7.107053634899669703e+01
6.775517247501651764e+09,6.308792416500336848e-05,-7.099077528966626005e+01
6.775519647501651764e+09,6.325240647632335441e-05,-7.096815898015589141e+01
6.775522047501651764e+09,6.365461133527013711e-05,-7.091310262828933730e+01
6.775524447501651764e+09,6.414137075692194359e-05,-7.084693530450644516e+01
6.775526847501651764e+09,6.456489363787802551e-05,-7.078977124495878570e+01
6.775529247501651764e+09,6.486041585299328867e-05,-7.075010546680263701e+01
6.775531647501651764e+09,6.528333427359253496e-05,-7.069365349497509499e+01
6.775534047501651764e+09,6.550080198788776789e-05,-7.066476769336210850e+01
6.775536447501651764e+09,6.598998612672272741e-05,-7.060013930217877487e+01
6.775538847501651764e+09,6.639848824856578772e-05,-7.054653621286125542e+01
6.775541247501651764e+09,6.672622451365865218e-05,-7.050376899524974306e+01
6.775543647501651764e+09,6.705239837563160366e-05,-7.046141371126368824e+01
6.775546047501651764e+09,6.745163784146564125e-05,-7.040985005234188066e+01
6.775548447501651764e+09,6.788034965445367288e-05,-7.035481862895989025e+01
6.775550847501651764e+09,6.809354466913385118e-05,-7.032758119642834060e+01
6.775553247501651764e+09,6.855572925938649041e-05,-7.026882494348582497e+01
6.775555647501651764e+09,6.880270093286849236e-05,-7.023759029690091893e+01
6.775558047501651764e+09,6.916023134475088709e-05,-7.019257129649869853e+01
6.775560447501651764e+09,6.952716942628157123e-05,-7.014660906633957893e+01
6.775562847501651764e+09,6.984136161809074820e-05,-7.010744608878596296e+01
6.775565247501651764e+09,7.023110355676189236e-05,-7.005911019066972756e+01
6.775567647501651764e+09,7.060070046650953821e-05,-7.001351984463835265e+01
6.775570047501651764e+09,7.105624911198768945e-05,-6.995765447535745807e+01
6.775572447501651764e+09,7.126863460233795998e-05,-6.993173127414218015e+01
6.775574847501651764e+09,7.167143620584989544e-05,-6.988277789787170491e+01
6.775577247501651764e+09,7.192026791473399316e-05,-6.985267411244021218e+01
6.775579647501651764e+09,7.231469026836113219e-05,-6.980516943511140937e+01
6.775582047501651764e+09,7.271160614536124173e-05,-6.975762528351454250e+01
6.775584447501651764e+09,7.309888960619397784e-05,-6.971148444443973347e+01
6.775586847501651764e+09,7.350391805725598013e-05,-6.966349025615400592e+01
6.775589247501651764e+09,7.375635926355101366e-05,-6.963371062181244042e+01
6.775591647501651764e+09,7.392898695094898701e-05,-6.961340494135684764e+01
6.775594047501651764e+09,7.441478450182008276e-05,-6.955651547500156084e+01
6.775596447501651764e+09,7.469408577065610763e-05,-6.952397572294319161e+01
6.775598847501651764e+09,7.497498759267146452e-05,-6.949137199212395899e+01
6.775601247501651764e+09,7.518497968717112673e-05,-6.946707830879724099e+01
6.775603647501651764e+09,7.579746613099024456e-05,-6.939660629054029073e+01
6.775606047501651764e+09,7.600117260983910736e-05,-6.937329418351964705e+01
6.775608447501651764e+09,7.617674328557799462e-05,-6.935325200879545093e+01
6.775610847501651764e+09,7.660221894653297832e-05,-6.930487304175842667e+01
6.775613247501651764e+09,7.694377202627113025e-05,-6.926623058381419185e+01
6.775615647501651764e+09,7.726560067254893162e-05,-6.922997633916823190e+01
6.775618047501651764e+09,7.754923166934780769e-05,-6.919815005669666164e+01
6.775620447501651764e+09,7.759640275468125681e-05,-6.919286827283647767e+01
6.775622847501651764e+09,7.800049368093404912e-05,-6.914775301462059076e+01
6.775625247501651764e+09,7.834047843999760667e-05,-6.910997565260386466e+01
6.775627647501651764e+09,7.870980267746349908e-05,-6.906912357060936358e+01
6.775630047501651764e+09,7.879263519465822473e-05,-6.905998753209658503e+01
6.775632447501651764e+09,7.920941370493155226e-05,-6.901416406885400079e+01
6.775634847501651764e+09,7.943295212921484762e-05,-6.898968597489709964e+01
6.775637247501651764e+09,7.976202761191332512e-05,-6.895377633250565452e+01
6.775639647501651764e+09,8.010275325672195723e-05,-6.891675116895335407e+01
6.775642047501651764e+09,8.035227126181551953e-05,-6.888973689989627758e+01
6.775644447501651764e+09,8.064295416927210879e-05,-6.885837146790021279e+01
6.775646847501651764e+09,8.070383327704545775e-05,-6.885181677604860795e+01
6.775649247501651764e+09,8.115353355475037652e-05,-6.880355135434325575e+01
6.775651647501651764e+09,8.133401705264947147e-05,-6.878425559435308401e+01
6.775654047501651764e+09,8.157825614682132076e-05,-6.875821169520408205e+01
6.775656447501651764e+09,8.175435270678664589e-05,-6.873948235647753791e+01
6.775658847501651764e+09,8.197462793708855508e-05,-6.871611095958454030e+01
6.775661247501651764e+09,8.232739776917758086e-05,-6.867881227717944626e+01
6.775663647501651764e+09,8.246859020088164035e-05,-6.866392863596104235e+01
6.775666047501651764e+09,8.276958723339921601e-05,-6.863228425524744125e+01
6.775668447501651764e+09,8.299996847464159743e-05,-6.860814149494517267e+01
6.775670847501651764e+09,8.318622313939808520e-05,-6.858867190936400959e+01
6.775673247501651764e+09,8.340292774754253880e-05,-6.856607411878655967e+01
6.775675647501651764e+09,8.358769878548722213e-05,-6.854685266268242572e+01
6.775678047501651764e+09,8.383807681657766810e-05,-6.852087389616059454e+01
6.775680447501651764e+09,8.404306021157938308e-05,-6.849966288862347596e+01
6.775682847501651764e+09,8.415377111515346634e-05,-6.848822839462657441e+01
6.775685247501651764e+09,8.441881769795672610e-05,-6.846091473372277392e+01
6.775687647501651764e+09,8.469733267425898226e-05,-6.843230537230473942e+01
6.775690047501651764e+09,8.472279737906425890e-05,-6.842969430575438139e+01
6.775692447501651764e+09,8.500831251143407211e-05,-6.840047214052476932e+01
6.775694847501651764e+09,8.516817151010177005e-05,-6.838415357528373306e+01
6.775697247501651764e+09,8.537689114462443266e-05,-6.836289331025278670e+01
6.775699647501651764e+09,8.553597102490463513e-05,-6.834672424415413161e+01
6.775702047501651764e+09,8.583691735790533329e-05,-6.831621779302118114e+01
6.775704447501651764e+09,8.603727196121335893e-05,-6.829596741374123781e+01
6.775706847501651764e+09,8.610670236921720859e-05,-6.828896089612720743e+01
6.775709247501651764e+09,8.632141713847023886e-05,-6.826732881246604734e+01
6.775711647501651764e+09,8.653719309782177812e-05,-6.824564395522486393e+01
6.775714047501651764e+09,8.666542097247073410e-05,-6.823278302495326386e+01
6.775716447501651764e+09,8.689380131130181387e-05,-6.820992411215789275e+01
6.775718847501651764e+09,8.690239269547145285e-05,-6.820906536130637221e+01
6.775721247501651764e+09,8.721625057434081736e-05,-6.817775179488651816e+01
6.775723647501651764e+09,8.740184893390637961e-05,-6.815928764392165817e+01
6.775726047501651764e+09,8.748667868104373282e-05,-6.815086145508590221e+01
6.775728447501651764e+09,8.774300563157695458e-05,-6.812544990223895525e+01
6.775730847501651764e+09,8.786656668546808410e-05,-6.811322690276790581e+01
6.775733247501651764e+09,8.790509400460849276e-05,-6.810941918944085671e+01
6.775735647501651764e+09,8.811053036237169087e-05,-6.808914373551054666e+01
6.775738047501651764e+09,8.833393273588879293e-05,-6.806714871946881829e+01
6.775740447501651764e+09,8.832989837751081146e-05,-6.806754542762821814e+01
6.775742847501651764e+09,8.854930010828393581e-05,-6.804599738564722600e+01
6.775745247501651764e+09,8.871261994610053195e-05,-6.802999193464061989e+01
6.775747647501651764e+09,8.882340614242665590e-05,-6.801915157935258094e+01
6.775750047501651764e+09,8.896758407792398318e-05,-6.800506409484125925e+01
6.775752447501651764e+09,8.914219369008341651e-05,-6.798803369565889909e+01
6.775754847501651764e+09,8.934196332264798021e-05,-6.796859020291302045e+01
6.775757247501651764e+09,8.935404717857270624e-05,-6.796741548122975018e+01
6.775759647501651764e+09,8.951864147175733700e-05,-6.795143038836900473e+01
6.775762047501651764e+09,8.966557306767519860e-05,-6.793718547381763528e+01
6.775764447501651764e+09,8.980617023674180438e-05,-6.792357651542369013e+01
6.775766847501651764e+09,9.001115688884583021e-05,-6.790377317125008005e+01
6.775769247501651764e+09,8.999977732961902477e-05,-6.790487134449310247e+01
6.775771647501651764e+09,9.014492619929652135e-05,-6.789087429310895061e+01
6.775774047501651764e+09,9.033638426108694963e-05,-6.787244596704468336e+01
6.775776447501651764e+09,9.045064461804071178e-05,-6.786146671716372225e+01
6.775778847501651764e+09,9.056682439260477257e-05,-6.785031724253991570e+01
6.775781247501651764e+09,9.070195298230103453e-05,-6.783736727673266387e+01
6.775783647501651764e+09,9.083100466538828605e-05,-6.782501768599983905e+01
6.775786047501651764e+09,9.094554497895109067e-05,-6.781407144836541079e+01
6.775788447501651764e+09,9.104684070927069543e-05,-6.780440243257781674e+01
6.775790847501651764e+09,9.124167841020006272e-05,-6.778583473099969581e+01
6.775793247501651764e+09,9.130384014529480824e-05,-6.777991916543680873e+01
6.775795647501651764e+09,9.144519404334104976e-05,-6.776648232722155285e+01
6.775798047501651764e+09,9.155261470041965515e-05,-6.775628500206441629e+01
6.775800447501651764e+09,9.158985621202919421e-05,-6.775275249906124486e+01
6.775802847501651764e+09,9.170565718601334892e-05,-6.774177749377953717e+01
6.775805247501651764e+09,9.189365820956096138e-05,-6.772398922796175214e+01
6.775807647501651764e+09,9.199282336126577342e-05,-6.771462108257348689e+01
6.775810047501651764e+09,9.216033499300895762e-05,-6.769881914943569257e+01
6.775812447501651764e+09,9.223329941280747736e-05,-6.769194514933263918e+01
6.775814847501651764e+09,9.233712394466691501e-05,-6.768217317715888726e+01
6.775817247501651764e+09,9.233180476485221841e-05,-6.768267355163087018e+01
6.775819647501651764e+09,9.252622032158016815e-05,-6.766440360969599510e+01
6.775822047501651764e+09,9.262027985947033260e-05,-6.765557826506341144e+01
6.775824447501651764e+09,9.279486537739203898e-05,-6.763922112242234164e+01
6.775826847501651764e+09,9.287924286204821047e-05,-6.763132671455835521e+01
6.775829247501651764e+09,9.298051763325923460e-05,-6.762186085093540555e+01
6.775831647501651764e+09,9.306452993232312311e-05,-6.761401628192314206e+01
6.775834047501651764e+09,9.319863204741551520e-05,-6.760150928525457914e+01
6.775836447501651764e+09,9.329173348318724461e-05,-6.759283678508397486e+01
6.775838847501651764e+09,9.333754946758910840e-05,-6.758857215323332923e+01
6.775841247501651764e+09,9.360255086064928022e-05,-6.756394635714323726e+01
6.775843647501651764e+09,9.368798644376624284e-05,-6.755602194079769163e+01
6.775846047501651764e+09,9.374851895711412285e-05,-6.755041173431619939e+01
6.775848447501651764e+09,9.381845453520019755e-05,-6.754393455200772678e+01
6.775850847501651764e+09,9.393697003240078893e-05,-6.753296908809981858e+01
6.775853247501651764e+09,9.413799441996657466e-05,-6.751440121209385836e+01
6.775855647501651764e+09,9.413820357141219474e-05,-6.751438191420709245e+01
6.775858047501651764e+09,9.429084533751227689e-05,-6.750030945741558241e+01
6.775860447501651764e+09,9.434027696493458334e-05,-6.749575710502529091e+01
6.775862847501651764e+09,9.441190521551295445e-05,-6.748916480922061112e+01
6.775865247501651764e+09,9.453250405310880409e-05,-6.747807680359882454e+01
6.775867647501651764e+09,9.454717703001434695e-05,-6.747672871735720435e+01
6.775870047501651764e+09,9.473985802432192342e-05,-6.745904545205083025e+01
6.775872447501651764e+09,9.483487955455442708e-05,-6.745033810417842801e+01
6.775874847501651764e+09,9.489129837233033888e-05,-6.744517226312781588e+01
6.775877247501651764e+09,9.499693106159760804e-05,-6.743550853643419885e+01
6.775879647501651764e+09,9.518879383700509355e-05,-6.741798356752214261e+01
6.775882047501651764e+09,9.519087988061839943e-05,-6.741779322005224628e+01
6.775884447501651764e+09,9.532823395348487348e-05,-6.740526909582189319e+01
6.775886847501651764e+09,9.532037815257949677e-05,-6.740598491136304915e+01
6.775889247501651764e+09,9.532134544855909897e-05,-6.740589676878892078e+01
6.775891647501651764e+09,9.542021427022681027e-05,-6.739689229433849960e+01
6.775894047501651764e+09,9.557920179190619722e-05,-6.738243205760527132e+01
6.775896447501651764e+09,9.567887268460482486e-05,-6.737337904946588196e+01
6.775898847501651764e+09,9.566422970137974068e-05,-6.737470846594264628e+01
6.775901247501651764e+09,9.577007205382402069e-05,-6.736510376001886868e+01
6.775903647501651764e+09,9.588306971868152848e-05,-6.735486145090813181e+01
6.775906047501651764e+09,9.590116325484653319e-05,-6.735322254184536916e+01
6.775908447501651764e+09,9.603118852131799807e-05,-6.734145396529164884e+01
6.775910847501651764e+09,9.608247474154225367e-05,-6.733681643507294723e+01
