PulseLength_s,Magnitude_AU,Fit_AU,Phase_rad,A_fit,f_fit_Hz,phi_fit_rad,C_fit,t_pi_s
1e-08,7.451680329485176e-08,9.954292322061277e-08,2.0597028365427286,1.5473764348096764e-08,780241.9323566998,-3.1737559116770306,1.1501448813210397e-07,6.458565737051792e-07
2.995e-08,9.145019040456302e-08,9.96423351904137e-08,1.9075563290027282,1.5473764348096764e-08,780241.9323566998,-3.1737559116770306,1.1501448813210397e-07,6.458565737051792e-07
4.9900000000000003e-08,6.426261077730054e-08,9.98886711100896e-08,1.6840788376019498,1.5473764348096764e-08,780241.9323566998,-3.1737559116770306,1.1501448813210397e-07,6.458565737051792e-07
6.985e-08,1.0543354494870602e-07,1.0027957655040387e-07,1.8347222342374874,1.5473764348096764e-08,780241.9323566998,-3.1737559116770306,1.1501448813210397e-07,6.458565737051792e-07
8.98e-08,9.233695771857625e-08,1.0081131531568269e-07,2.004453365541295,1.5473764348096764e-08,780241.9323566998,-3.1737559116770306,1.1501448813210397e-07,6.458565737051792e-07
1.0975e-07,7.243664275634268e-08,1.014788051536226e-07,2.011940184326585,1.5473764348096764e-08,780241.9323566998,-3.1737559116770306,1.1501448813210397e-07,6.458565737051792e-07
1.297e-07,1.0008358877375863e-07,1.0227566633043727e-07,1.8970361854216933,1.5473764348096764e-08,780241.9323566998,-3.1737559116770306,1.1501448813210397e-07,6.458565737051792e-07
1.4965000000000002e-07,1.0813627170647789e-07,1.031942826070713e-07,2.0501073468575672,1.5473764348096764e-08,780241.9323566998,-3.1737559116770306,1.1501448813210397e-07,6.458565737051792e-07
1.696e-07,9.032997663366716e-08,1.0422587403368329e-07,1.988482091698503,1.5473764348096764e-08,780241.9323566998,-3.1737559116770306,1.1501448813210397e-07,6.458565737051792e-07
1.8955e-07,1.2108261933555882e-07,1.0536058086664266e-07,1.9646240270366029,1.5473764348096764e-08,780241.9323566998,-3.1737559116770306,1.1501448813210397e-07,6.458565737051792e-07
2.0950000000000002e-07,8.37020044884481e-08,1.065875578059787e-07,2.2463641069154314,1.5473764348096764e-08,780241.9323566998,-3.1737559116770306,1.1501448813210397e-07,6.458565737051792e-07
2.2945e-07,8.129960788420676e-08,1.0789507765257905e-07,2.0002952650228973,1.5473764348096764e-08,780241.9323566998,-3.1737559116770306,1.1501448813210397e-07,6.458565737051792e-07
2.494e-07,1.2888396724045732e-07,1.0927064339440309e-07,2.245224188373186,1.5473764348096764e-08,780241.9323566998,-3.1737559116770306,1.1501448813210397e-07,6.458565737051792e-07
2.6935e-07,1.0142079515477123e-07,1.1070110765041267e-07,2.0430421219406973,1.5473764348096764e-08,780241.9323566998,-3.1737559116770306,1.1501448813210397e-07,6.458565737051792e-07
2.8930000000000003e-07,1.1395768815914494e-07,1.1217279833059897e-07,2.0282573604272476,1.5473764348096764e-08,780241.9323566998,-3.1737559116770306,1.1501448813210397e-07,6.458565737051792e-07
3.0925e-07,1.0978510602326164e-07,1.1367164931107242e-07,2.249732153185113,1.5473764348096764e-08,780241.9323566998,-3.1737559116770306,1.1501448813210397e-07,6.458565737051792e-07
3.292e-07,8.996682216495117e-08,1.1518333487524927e-07,2.16532016762648,1.5473764348096764e-08,780241.9323566998,-3.1737559116770306,1.1501448813210397e-07,6.458565737051792e-07
3.4915e-07,1.298088073512615e-07,1.166934066361729e-07,2.1862248874628016,1.5473764348096764e-08,780241.9323566998,-3.1737559116770306,1.1501448813210397e-07,6.458565737051792e-07
3.691e-07,1.1327454348693171e-07,1.1818743163129399e-07,2.3278899354946305,1.5473764348096764e-08,780241.9323566998,-3.1737559116770306,1.1501448813210397e-07,6.458565737051792e-07
3.8905e-07,1.1791531778345269e-07,1.1965113026982733e-07,2.4213806259057797,1.5473764348096764e-08,780241.9323566998,-3.1737559116770306,1.1501448813210397e-07,6.458565737051792e-07
4.09e-07,1.233556134705415e-07,1.2107051281421205e-07,2.310213133946639,1.5473764348096764e-08,780241.9323566998,-3.1737559116770306,1.1501448813210397e-07,6.458565737051792e-07
4.2895e-07,1.3725588944525236e-07,1.2243201309121297e-07,2.3387314086162703,1.5473764348096764e-08,780241.9323566998,-3.1737559116770306,1.1501448813210397e-07,6.458565737051792e-07
4.489e-07,1.4372884190907185e-07,1.2372261815467925e-07,2.4106022068055,1.5473764348096764e-08,780241.9323566998,-3.1737559116770306,1.1501448813210397e-07,6.458565737051792e-07
4.6885e-07,1.1358342018258632e-07,1.2492999266066965e-07,2.119374574931084,1.5473764348096764e-08,780241.9323566998,-3.1737559116770306,1.1501448813210397e-07,6.458565737051792e-07
4.888e-07,1.4419134959396268e-07,1.2604259676619202e-07,2.3201149451662575,1.5473764348096764e-08,780241.9323566998,-3.1737559116770306,1.1501448813210397e-07,6.458565737051792e-07
5.0875e-07,1.5164706895759017e-07,1.2704979642470448e-07,2.511234752199316,1.5473764348096764e-08,780241.9323566998,-3.1737559116770306,1.1501448813210397e-07,6.458565737051792e-07
5.287e-07,1.2943989678851315e-07,1.279419650241962e-07,2.73360111505947,1.5473764348096764e-08,780241.9323566998,-3.1737559116770306,1.1501448813210397e-07,6.458565737051792e-07
5.4865e-07,1.416579492231694e-07,1.2871057539641112e-07,2.455900855370863,1.5473764348096764e-08,780241.9323566998,-3.1737559116770306,1.1501448813210397e-07,6.458565737051792e-07
5.686e-07,1.255114442612172e-07,1.2934828131780919e-07,2.2859099806570566,1.5473764348096764e-08,780241.9323566998,-3.1737559116770306,1.1501448813210397e-07,6.458565737051792e-07
5.8855e-07,1.4207978050749707e-07,1.2984898772329543e-07,2.333887841563127,1.5473764348096764e-08,780241.9323566998,-3.1737559116770306,1.1501448813210397e-07,6.458565737051792e-07
6.085e-07,1.2538274213665693e-07,1.3020790896162754e-07,2.274410884222704,1.5473764348096764e-08,780241.9323566998,-3.1737559116770306,1.1501448813210397e-07,6.458565737051792e-07
6.2845e-07,1.1625394237656916e-07,1.3042161453570927e-07,2.4035071520186233,1.5473764348096764e-08,780241.9323566998,-3.1737559116770306,1.1501448813210397e-07,6.458565737051792e-07
6.484e-07,1.1559741272253516e-07,1.304880618905925e-07,2.3870275038150255,1.5473764348096764e-08,780241.9323566998,-3.1737559116770306,1.1501448813210397e-07,6.458565737051792e-07
6.6835e-07,1.4432719667629508e-07,1.304066159358071e-07,2.318757985245516,1.5473764348096764e-08,780241.9323566998,-3.1737559116770306,1.1501448813210397e-07,6.458565737051792e-07
6.883e-07,1.509735819639671e-07,1.301780551154282e-07,2.472274900460986,1.5473764348096764e-08,780241.9323566998,-3.1737559116770306,1.1501448813210397e-07,6.458565737051792e-07
7.082500000000001e-07,1.3580838768871714e-07,1.2980456396786386e-07,2.424410174626351,1.5473764348096764e-08,780241.9323566998,-3.1737559116770306,1.1501448813210397e-07,6.458565737051792e-07
7.282e-07,1.288253677032492e-07,1.29289712246476e-07,2.535263754454228,1.5473764348096764e-08,780241.9323566998,-3.1737559116770306,1.1501448813210397e-07,6.458565737051792e-07
7.4815e-07,1.5344933661954638e-07,1.2863842080059482e-07,2.3571778333287963,1.5473764348096764e-08,780241.9323566998,-3.1737559116770306,1.1501448813210397e-07,6.458565737051792e-07
7.681e-07,1.4692125283912858e-07,1.2785691454302929e-07,2.339395432219495,1.5473764348096764e-08,780241.9323566998,-3.1737559116770306,1.1501448813210397e-07,6.458565737051792e-07
7.8805e-07,1.1800252530623653e-07,1.269526629536011e-07,2.204780408819635,1.5473764348096764e-08,780241.9323566998,-3.1737559116770306,1.1501448813210397e-07,6.458565737051792e-07
8.08e-07,1.495923893453937e-07,1.259343086873569e-07,2.327792637997195,1.5473764348096764e-08,780241.9323566998,-3.1737559116770306,1.1501448813210397e-07,6.458565737051792e-07
8.2795e-07,1.1563201462418437e-07,1.2481158496980748e-07,2.429065385859737,1.5473764348096764e-08,780241.9323566998,-3.1737559116770306,1.1501448813210397e-07,6.458565737051792e-07
8.479e-07,1.497032950862451e-07,1.2359522256871372e-07,2.3553064163153414,1.5473764348096764e-08,780241.9323566998,-3.1737559116770306,1.1501448813210397e-07,6.458565737051792e-07
8.6785e-07,1.0989672470733362e-07,1.2229684723156361e-07,2.4980538363666103,1.5473764348096764e-08,780241.9323566998,-3.1737559116770306,1.1501448813210397e-07,6.458565737051792e-07
8.878e-07,1.0316917766060726e-07,1.2092886856901342e-07,2.306600304011654,1.5473764348096764e-08,780241.9323566998,-3.1737559116770306,1.1501448813210397e-07,6.458565737051792e-07
9.0775e-07,1.3387153357422658e-07,1.195043614463217e-07,2.31704435173172,1.5473764348096764e-08,780241.9323566998,-3.1737559116770306,1.1501448813210397e-07,6.458565737051792e-07
9.277e-07,1.3343198273637803e-07,1.1803694101641367e-07,2.2758712964190804,1.5473764348096764e-08,780241.9323566998,-3.1737559116770306,1.1501448813210397e-07,6.458565737051792e-07
9.4765e-07,1.3643789879066605e-07,1.1654063258898452e-07,2.4004283194356226,1.5473764348096764e-08,780241.9323566998,-3.1737559116770306,1.1501448813210397e-07,6.458565737051792e-07
9.675999999999998e-07,1.1740300703603255e-07,1.1502973757940679e-07,2.4149294576216183,1.5473764348096764e-08,780241.9323566998,-3.1737559116770306,1.1501448813210397e-07,6.458565737051792e-07
9.8755e-07,1.0255164334197938e-07,1.1351869681867501e-07,2.120849851348537,1.5473764348096764e-08,780241.9323566998,-3.1737559116770306,1.1501448813210397e-07,6.458565737051792e-07
1.0074999999999999e-06,1.2663150279237808e-07,1.1202195253084403e-07,2.348502798325253,1.5473764348096764e-08,780241.9323566998,-3.1737559116770306,1.1501448813210397e-07,6.458565737051792e-07
1.02745e-06,1.246487018576103e-07,1.1055381029715251e-07,2.23730865084977,1.5473764348096764e-08,780241.9323566998,-3.1737559116770306,1.1501448813210397e-07,6.458565737051792e-07
1.0474e-06,9.414144290730871e-08,1.0912830232615126e-07,2.148266299496555,1.5473764348096764e-08,780241.9323566998,-3.1737559116770306,1.1501448813210397e-07,6.458565737051792e-07
1.0673499999999998e-06,8.114386462603816e-08,1.0775905333667257e-07,2.290923667222172,1.5473764348096764e-08,780241.9323566998,-3.1737559116770306,1.1501448813210397e-07,6.458565737051792e-07
1.0873e-06,9.551157376794032e-08,1.0645915033550456e-07,2.1680064620615473,1.5473764348096764e-08,780241.9323566998,-3.1737559116770306,1.1501448813210397e-07,6.458565737051792e-07
1.1072499999999999e-06,9.812204514405448e-08,1.0524101753440933e-07,2.349104227950024,1.5473764348096764e-08,780241.9323566998,-3.1737559116770306,1.1501448813210397e-07,6.458565737051792e-07
1.1272e-06,1.0617888702573374e-07,1.0411629760200247e-07,2.0580435355611097,1.5473764348096764e-08,780241.9323566998,-3.1737559116770306,1.1501448813210397e-07,6.458565737051792e-07
1.1471499999999999e-06,7.542014167162139e-08,1.0309574038546543e-07,2.4099917790807663,1.5473764348096764e-08,780241.9323566998,-3.1737559116770306,1.1501448813210397e-07,6.458565737051792e-07
1.1670999999999998e-06,9.885714898804494e-08,1.021891001656654e-07,1.778689310749619,1.5473764348096764e-08,780241.9323566998,-3.1737559116770306,1.1501448813210397e-07,6.458565737051792e-07
1.18705e-06,8.927598234728102e-08,1.014050424276983e-07,2.135482802760069,1.5473764348096764e-08,780241.9323566998,-3.1737559116770306,1.1501448813210397e-07,6.458565737051792e-07
1.2069999999999998e-06,9.228435991098063e-08,1.0075106103792293e-07,2.1374933917890186,1.5473764348096764e-08,780241.9323566998,-3.1737559116770306,1.1501448813210397e-07,6.458565737051792e-07
1.22695e-06,9.058363586409456e-08,1.0023340661909168e-07,2.1517827513007264,1.5473764348096764e-08,780241.9323566998,-3.1737559116770306,1.1501448813210397e-07,6.458565737051792e-07
1.2468999999999999e-06,9.458183909949144e-08,9.98570268081539e-08,2.2968366094602692,1.5473764348096764e-08,780241.9323566998,-3.1737559116770306,1.1501448813210397e-07,6.458565737051792e-07
1.26685e-06,1.0726595621822125e-07,9.962551896773573e-08,1.8055261092052628,1.5473764348096764e-08,780241.9323566998,-3.1737559116770306,1.1501448813210397e-07,6.458565737051792e-07
1.2868e-06,9.801731996777813e-08,9.954109580327085e-08,2.1076180924031203,1.5473764348096764e-08,780241.9323566998,-3.1737559116770306,1.1501448813210397e-07,6.458565737051792e-07
1.3067499999999998e-06,8.728678273351338e-08,9.960456421440637e-08,2.22176360952614,1.5473764348096764e-08,780241.9323566998,-3.1737559116770306,1.1501448813210397e-07,6.458565737051792e-07
1.3267e-06,7.468959969293771e-08,9.981531758281813e-08,2.2803894700575027,1.5473764348096764e-08,780241.9323566998,-3.1737559116770306,1.1501448813210397e-07,6.458565737051792e-07
1.3466499999999998e-06,1.0830749036594204e-07,1.0017134157014677e-07,2.303312225814794,1.5473764348096764e-08,780241.9323566998,-3.1737559116770306,1.1501448813210397e-07,6.458565737051792e-07
1.3666e-06,9.080743225410264e-08,1.006692333706391e-07,2.271138523271048,1.5473764348096764e-08,780241.9323566998,-3.1737559116770306,1.1501448813210397e-07,6.458565737051792e-07
1.3865499999999999e-06,8.578156064444511e-08,1.0130423423448201e-07,1.9236195130531786,1.5473764348096764e-08,780241.9323566998,-3.1737559116770306,1.1501448813210397e-07,6.458565737051792e-07
1.4065e-06,7.260534789301998e-08,1.0207027495097718e-07,1.8880600504312557,1.5473764348096764e-08,780241.9323566998,-3.1737559116770306,1.1501448813210397e-07,6.458565737051792e-07
1.42645e-06,9.747265746105467e-08,1.0296003385683778e-07,2.0192466034515264,1.5473764348096764e-08,780241.9323566998,-3.1737559116770306,1.1501448813210397e-07,6.458565737051792e-07
1.4463999999999998e-06,9.088448049878001e-08,1.0396500681517544e-07,2.263592954853314,1.5473764348096764e-08,780241.9323566998,-3.1737559116770306,1.1501448813210397e-07,6.458565737051792e-07
1.46635e-06,1.2132380883565216e-07,1.0507558849633226e-07,2.0065894456172724,1.5473764348096764e-08,780241.9323566998,-3.1737559116770306,1.1501448813210397e-07,6.458565737051792e-07
1.4862999999999999e-06,9.919233118683965e-08,1.0628116418369221e-07,2.2285652773966063,1.5473764348096764e-08,780241.9323566998,-3.1737559116770306,1.1501448813210397e-07,6.458565737051792e-07
1.50625e-06,1.1472267458255618e-07,1.0757021122701026e-07,2.385525182707001,1.5473764348096764e-08,780241.9323566998,-3.1737559116770306,1.1501448813210397e-07,6.458565737051792e-07
1.5261999999999999e-06,1.23679529644776e-07,1.0893040917358875e-07,2.3383025022253414,1.5473764348096764e-08,780241.9323566998,-3.1737559116770306,1.1501448813210397e-07,6.458565737051792e-07
1.5461499999999998e-06,1.1456999347617805e-07,1.1034875752468945e-07,2.208429571264865,1.5473764348096764e-08,780241.9323566998,-3.1737559116770306,1.1501448813210397e-07,6.458565737051792e-07
1.5661e-06,1.0240196890595941e-07,1.1181169999168881e-07,2.305716334862193,1.5473764348096764e-08,780241.9323566998,-3.1737559116770306,1.1501448813210397e-07,6.458565737051792e-07
1.5860499999999998e-06,1.2489624232859792e-07,1.1330525406436158e-07,2.201963102635703,1.5473764348096764e-08,780241.9323566998,-3.1737559116770306,1.1501448813210397e-07,6.458565737051792e-07
1.606e-06,1.3685668875217092e-07,1.1481514465290473e-07,2.320222839478428,1.5473764348096764e-08,780241.9323566998,-3.1737559116770306,1.1501448813210397e-07,6.458565737051792e-07
1.6259499999999999e-06,8.755561839409625e-08,1.1632694052637814e-07,2.1574400373617046,1.5473764348096764e-08,780241.9323566998,-3.1737559116770306,1.1501448813210397e-07,6.458565737051792e-07
1.6459e-06,1.1234219225352691e-07,1.1782619224351114e-07,2.3634426218569446,1.5473764348096764e-08,780241.9323566998,-3.1737559116770306,1.1501448813210397e-07,6.458565737051792e-07
1.66585e-06,1.1256420291239962e-07,1.192985702575594e-07,2.378983775386472,1.5473764348096764e-08,780241.9323566998,-3.1737559116770306,1.1501448813210397e-07,6.458565737051792e-07
1.6857999999999998e-06,1.1224938465843531e-07,1.2073000187523443e-07,2.344395832274956,1.5473764348096764e-08,780241.9323566998,-3.1737559116770306,1.1501448813210397e-07,6.458565737051792e-07
1.70575e-06,1.404964877912077e-07,1.2210680576067897e-07,2.2028531004628094,1.5473764348096764e-08,780241.9323566998,-3.1737559116770306,1.1501448813210397e-07,6.458565737051792e-07
1.7256999999999998e-06,1.213545134055463e-07,1.2341582269892676e-07,2.256533156117886,1.5473764348096764e-08,780241.9323566998,-3.1737559116770306,1.1501448813210397e-07,6.458565737051792e-07
1.74565e-06,1.384934391790382e-07,1.2464454136903605e-07,2.480132536107561,1.5473764348096764e-08,780241.9323566998,-3.1737559116770306,1.1501448813210397e-07,6.458565737051792e-07
1.7655999999999999e-06,1.2895023311706474e-07,1.2578121792478157e-07,2.2299746990154214,1.5473764348096764e-08,780241.9323566998,-3.1737559116770306,1.1501448813210397e-07,6.458565737051792e-07
1.78555e-06,1.4450718805803714e-07,1.2681498823997788e-07,2.3876352723834464,1.5473764348096764e-08,780241.9323566998,-3.1737559116770306,1.1501448813210397e-07,6.458565737051792e-07
1.8055e-06,1.4274682565762757e-07,1.2773597174561505e-07,2.4046064614493643,1.5473764348096764e-08,780241.9323566998,-3.1737559116770306,1.1501448813210397e-07,6.458565737051792e-07
1.8254499999999998e-06,1.6101767202359815e-07,1.2853536586635235e-07,2.31804501690845,1.5473764348096764e-08,780241.9323566998,-3.1737559116770306,1.1501448813210397e-07,6.458565737051792e-07
1.8454e-06,1.236088350224961e-07,1.2920553015376524e-07,2.3540421809943273,1.5473764348096764e-08,780241.9323566998,-3.1737559116770306,1.1501448813210397e-07,6.458565737051792e-07
1.8653499999999999e-06,1.4156815850802498e-07,1.2974005931221653e-07,2.358037763921331,1.5473764348096764e-08,780241.9323566998,-3.1737559116770306,1.1501448813210397e-07,6.458565737051792e-07
1.8853e-06,1.186749739988304e-07,1.3013384441938534e-07,2.3494632523688264,1.5473764348096764e-08,780241.9323566998,-3.1737559116770306,1.1501448813210397e-07,6.458565737051792e-07
1.9052499999999999e-06,1.189874790419901e-07,1.3038312175632054e-07,2.1428520745115804,1.5473764348096764e-08,780241.9323566998,-3.1737559116770306,1.1501448813210397e-07,6.458565737051792e-07
1.9252e-06,1.514114457410198e-07,1.3048550878031024e-07,2.4426050551707688,1.5473764348096764e-08,780241.9323566998,-3.1737559116770306,1.1501448813210397e-07,6.458565737051792e-07
1.94515e-06,1.4420064626604473e-07,1.3044002689674654e-07,2.2803957249105427,1.5473764348096764e-08,780241.9323566998,-3.1737559116770306,1.1501448813210397e-07,6.458565737051792e-07
1.9651e-06,1.1288024370409097e-07,1.302471108123362e-07,2.5028719208419297,1.5473764348096764e-08,780241.9323566998,-3.1737559116770306,1.1501448813210397e-07,6.458565737051792e-07
1.9850499999999997e-06,1.300437517813384e-07,1.299086043802612e-07,2.3783949996116585,1.5473764348096764e-08,780241.9323566998,-3.1737559116770306,1.1501448813210397e-07,6.458565737051792e-07
2.005e-06,1.2135880804556562e-07,1.2942774297700057e-07,2.229662754615034,1.5473764348096764e-08,780241.9323566998,-3.1737559116770306,1.1501448813210397e-07,6.458565737051792e-07
2.02495e-06,1.2364523029189722e-07,1.2880912257925168e-07,2.2164825597332567,1.5473764348096764e-08,780241.9323566998,-3.1737559116770306,1.1501448813210397e-07,6.458565737051792e-07
2.0449e-06,1.259612000275807e-07,1.2805865583650845e-07,2.360150528318912,1.5473764348096764e-08,780241.9323566998,-3.1737559116770306,1.1501448813210397e-07,6.458565737051792e-07
2.06485e-06,1.1134790748090896e-07,1.2718351555914508e-07,2.2225309678480256,1.5473764348096764e-08,780241.9323566998,-3.1737559116770306,1.1501448813210397e-07,6.458565737051792e-07
2.0848e-06,1.25630178004389e-07,1.2619206616213529e-07,2.2728095950300626,1.5473764348096764e-08,780241.9323566998,-3.1737559116770306,1.1501448813210397e-07,6.458565737051792e-07
2.10475e-06,1.0917429263220825e-07,1.2509378371965444e-07,2.4332766303980335,1.5473764348096764e-08,780241.9323566998,-3.1737559116770306,1.1501448813210397e-07,6.458565737051792e-07
2.1246999999999997e-06,1.2613728273511647e-07,1.2389916539466598e-07,2.12704729815347,1.5473764348096764e-08,780241.9323566998,-3.1737559116770306,1.1501448813210397e-07,6.458565737051792e-07
2.14465e-06,1.265786609234893e-07,1.2261962910914644e-07,2.365203987957198,1.5473764348096764e-08,780241.9323566998,-3.1737559116770306,1.1501448813210397e-07,6.458565737051792e-07
2.1646e-06,9.531352275326308e-08,1.2126740441388092e-07,2.3601790766365274,1.5473764348096764e-08,780241.9323566998,-3.1737559116770306,1.1501448813210397e-07,6.458565737051792e-07
2.1845499999999997e-06,9.969667128222497e-08,1.1985541560087343e-07,2.1544427984460452,1.5473764348096764e-08,780241.9323566998,-3.1737559116770306,1.1501448813210397e-07,6.458565737051792e-07
2.2045e-06,1.2702923563459875e-07,1.1839715817555974e-07,2.076933700455077,1.5473764348096764e-08,780241.9323566998,-3.1737559116770306,1.1501448813210397e-07,6.458565737051792e-07
2.22445e-06,1.203555774248837e-07,1.1690656986947785e-07,2.275490602797758,1.5473764348096764e-08,780241.9323566998,-3.1737559116770306,1.1501448813210397e-07,6.458565737051792e-07
2.2444e-06,1.0942539575257127e-07,1.1539789742622953e-07,2.4139438634896218,1.5473764348096764e-08,780241.9323566998,-3.1737559116770306,1.1501448813210397e-07,6.458565737051792e-07
2.2643499999999998e-06,1.1975104954131998e-07,1.1388556043396683e-07,2.293705700524007,1.5473764348096764e-08,780241.9323566998,-3.1737559116770306,1.1501448813210397e-07,6.458565737051792e-07
2.2843e-06,1.3170744457173816e-07,1.123840135058651e-07,2.3550358370399995,1.5473764348096764e-08,780241.9323566998,-3.1737559116770306,1.1501448813210397e-07,6.458565737051792e-07
2.30425e-06,1.086683915277596e-07,1.10907608125834e-07,2.1792313870042506,1.5473764348096764e-08,780241.9323566998,-3.1737559116770306,1.1501448813210397e-07,6.458565737051792e-07
2.3241999999999997e-06,9.416135181647607e-08,1.0947045547991719e-07,2.2089219632921973,1.5473764348096764e-08,780241.9323566998,-3.1737559116770306,1.1501448813210397e-07,6.458565737051792e-07
2.34415e-06,1.3611759662722977e-07,1.0808629158441058e-07,2.2576623831316187,1.5473764348096764e-08,780241.9323566998,-3.1737559116770306,1.1501448813210397e-07,6.458565737051792e-07
2.3641e-06,1.0403110056840942e-07,1.0676834599977806e-07,2.03772202593026,1.5473764348096764e-08,780241.9323566998,-3.1737559116770306,1.1501448813210397e-07,6.458565737051792e-07
2.38405e-06,9.537064491842826e-08,1.0552921538517007e-07,2.2307770842688672,1.5473764348096764e-08,780241.9323566998,-3.1737559116770306,1.1501448813210397e-07,6.458565737051792e-07
2.4039999999999998e-06,9.154267719856114e-08,1.043807431020858e-07,2.0690448177386505,1.5473764348096764e-08,780241.9323566998,-3.1737559116770306,1.1501448813210397e-07,6.458565737051792e-07
2.42395e-06,9.577743132755583e-08,1.0333390601790301e-07,2.2708713598694232,1.5473764348096764e-08,780241.9323566998,-3.1737559116770306,1.1501448813210397e-07,6.458565737051792e-07
2.4439e-06,1.2794814454509325e-07,1.0239870959118489e-07,2.2486285996599613,1.5473764348096764e-08,780241.9323566998,-3.1737559116770306,1.1501448813210397e-07,6.458565737051792e-07
2.4638499999999997e-06,1.140827672951243e-07,1.0158409224151671e-07,2.0943312105184893,1.5473764348096764e-08,780241.9323566998,-3.1737559116770306,1.1501448813210397e-07,6.458565737051792e-07
2.4838e-06,1.0655402957355349e-07,1.0089783991788711e-07,2.0638131580364463,1.5473764348096764e-08,780241.9323566998,-3.1737559116770306,1.1501448813210397e-07,6.458565737051792e-07
2.50375e-06,1.1753019222750699e-07,1.0034651168215174e-07,2.185753078510349,1.5473764348096764e-08,780241.9323566998,-3.1737559116770306,1.1501448813210397e-07,6.458565737051792e-07
2.5237e-06,1.1068284484296652e-07,9.993537701883752e-08,2.053606781464112,1.5473764348096764e-08,780241.9323566998,-3.1737559116770306,1.1501448813210397e-07,6.458565737051792e-07
2.5436499999999998e-06,1.0029459234337506e-07,9.96683654704681e-08,2.1721483211526205,1.5473764348096764e-08,780241.9323566998,-3.1737559116770306,1.1501448813210397e-07,6.458565737051792e-07
2.5636e-06,8.505082918814898e-08,9.95480290797858e-08,2.091204761241968,1.5473764348096764e-08,780241.9323566998,-3.1737559116770306,1.1501448813210397e-07,6.458565737051792e-07
2.58355e-06,1.2534105947414346e-07,9.957551799783974e-08,2.0976214660141257,1.5473764348096764e-08,780241.9323566998,-3.1737559116770306,1.1501448813210397e-07,6.458565737051792e-07
2.6034999999999997e-06,1.208185294465423e-07,9.97505694910731e-08,2.2223894091743217,1.5473764348096764e-08,780241.9323566998,-3.1737559116770306,1.1501448813210397e-07,6.458565737051792e-07
2.62345e-06,1.2672672332063082e-07,1.0007151045247768e-07,2.162010771244482,1.5473764348096764e-08,780241.9323566998,-3.1737559116770306,1.1501448813210397e-07,6.458565737051792e-07
2.6434e-06,1.1897913994783558e-07,1.0053527339281468e-07,2.26959773614681,1.5473764348096764e-08,780241.9323566998,-3.1737559116770306,1.1501448813210397e-07,6.458565737051792e-07
2.66335e-06,1.0508546118661668e-07,1.0113742575906058e-07,2.368154105745541,1.5473764348096764e-08,780241.9323566998,-3.1737559116770306,1.1501448813210397e-07,6.458565737051792e-07
2.6832999999999998e-06,9.741206421239984e-08,1.0187221229985848e-07,2.2649814245448883,1.5473764348096764e-08,780241.9323566998,-3.1737559116770306,1.1501448813210397e-07,6.458565737051792e-07
2.70325e-06,1.2354899391322345e-07,1.0273261007305462e-07,2.2863234669168038,1.5473764348096764e-08,780241.9323566998,-3.1737559116770306,1.1501448813210397e-07,6.458565737051792e-07
2.7232e-06,9.296122605259509e-08,1.0371039556956858e-07,2.3979378412090737,1.5473764348096764e-08,780241.9323566998,-3.1737559116770306,1.1501448813210397e-07,6.458565737051792e-07
2.7431499999999997e-06,1.0209959702222657e-07,1.0479622331204112e-07,2.117661820060383,1.5473764348096764e-08,780241.9323566998,-3.1737559116770306,1.1501448813210397e-07,6.458565737051792e-07
2.7631e-06,1.0058764779940249e-07,1.0597971517702969e-07,2.176493796668414,1.5473764348096764e-08,780241.9323566998,-3.1737559116770306,1.1501448813210397e-07,6.458565737051792e-07
2.78305e-06,1.2000400220364954e-07,1.072495595870273e-07,2.3810749232983763,1.5473764348096764e-08,780241.9323566998,-3.1737559116770306,1.1501448813210397e-07,6.458565737051792e-07
2.803e-06,1.2458162846469633e-07,1.0859361962424816e-07,2.4191126612063854,1.5473764348096764e-08,780241.9323566998,-3.1737559116770306,1.1501448813210397e-07,6.458565737051792e-07
2.82295e-06,1.0900243664884138e-07,1.0999904903284984e-07,2.117543204970967,1.5473764348096764e-08,780241.9323566998,-3.1737559116770306,1.1501448813210397e-07,6.458565737051792e-07
2.8429e-06,1.1633343816355784e-07,1.1145241500086618e-07,2.36038530517401,1.5473764348096764e-08,780241.9323566998,-3.1737559116770306,1.1501448813210397e-07,6.458565737051792e-07
2.86285e-06,8.670853567544651e-08,1.129398265483254e-07,2.1991509672044827,1.5473764348096764e-08,780241.9323566998,-3.1737559116770306,1.1501448813210397e-07,6.458565737051792e-07
2.8827999999999997e-06,1.0620470448550592e-07,1.1444706729444653e-07,2.2344908555765945,1.5473764348096764e-08,780241.9323566998,-3.1737559116770306,1.1501448813210397e-07,6.458565737051792e-07
2.90275e-06,1.016374714153371e-07,1.1595973133495114e-07,2.2860918969707225,1.5473764348096764e-08,780241.9323566998,-3.1737559116770306,1.1501448813210397e-07,6.458565737051792e-07
2.9227e-06,1.1585682895805369e-07,1.1746336093080241e-07,2.2228274094309555,1.5473764348096764e-08,780241.9323566998,-3.1737559116770306,1.1501448813210397e-07,6.458565737051792e-07
2.94265e-06,1.1021789595435146e-07,1.1894358469237064e-07,2.2336847202489962,1.5473764348096764e-08,780241.9323566998,-3.1737559116770306,1.1501448813210397e-07,6.458565737051792e-07
2.9626e-06,1.328065754088186e-07,1.2038625493828857e-07,2.310277765628005,1.5473764348096764e-08,780241.9323566998,-3.1737559116770306,1.1501448813210397e-07,6.458565737051792e-07
2.98255e-06,1.365698878050622e-07,1.2177758291614783e-07,2.244729268795095,1.5473764348096764e-08,780241.9323566998,-3.1737559116770306,1.1501448813210397e-07,6.458565737051792e-07
3.0025e-06,1.0411186362767966e-07,1.2310427059262445e-07,2.15862553159897,1.5473764348096764e-08,780241.9323566998,-3.1737559116770306,1.1501448813210397e-07,6.458565737051792e-07
3.0224499999999998e-06,1.4589551992393343e-07,1.2435363775341027e-07,2.3740708131111545,1.5473764348096764e-08,780241.9323566998,-3.1737559116770306,1.1501448813210397e-07,6.458565737051792e-07
3.0424e-06,1.2078096379149548e-07,1.2551374319815416e-07,2.3794332508017755,1.5473764348096764e-08,780241.9323566998,-3.1737559116770306,1.1501448813210397e-07,6.458565737051792e-07
3.06235e-06,1.0060225656500885e-07,1.2657349887205587e-07,2.468532488133051,1.5473764348096764e-08,780241.9323566998,-3.1737559116770306,1.1501448813210397e-07,6.458565737051792e-07
3.0822999999999997e-06,1.0408867605699759e-07,1.275227758432669e-07,2.274862833705857,1.5473764348096764e-08,780241.9323566998,-3.1737559116770306,1.1501448813210397e-07,6.458565737051792e-07
3.10225e-06,1.2689076547209401e-07,1.2835250111318618e-07,2.5678607988236535,1.5473764348096764e-08,780241.9323566998,-3.1737559116770306,1.1501448813210397e-07,6.458565737051792e-07
3.1222e-06,1.1058367993806609e-07,1.2905474433435811e-07,2.473550107799691,1.5473764348096764e-08,780241.9323566998,-3.1737559116770306,1.1501448813210397e-07,6.458565737051792e-07
3.14215e-06,1.444907320136119e-07,1.2962279360714063e-07,2.3531348745319884,1.5473764348096764e-08,780241.9323566998,-3.1737559116770306,1.1501448813210397e-07,6.458565737051792e-07
3.1620999999999998e-06,1.3833116823167312e-07,1.300512196306936e-07,2.521586100594423,1.5473764348096764e-08,780241.9323566998,-3.1737559116770306,1.1501448813210397e-07,6.458565737051792e-07
3.18205e-06,9.69175678043082e-08,1.3033592759514566e-07,2.325786415663976,1.5473764348096764e-08,780241.9323566998,-3.1737559116770306,1.1501448813210397e-07,6.458565737051792e-07
3.202e-06,1.369830591849173e-07,1.3047419631896442e-07,2.393088585481938,1.5473764348096764e-08,780241.9323566998,-3.1737559116770306,1.1501448813210397e-07,6.458565737051792e-07
3.2219499999999997e-06,1.278380570388063e-07,1.304647042574629e-07,2.258929517695699,1.5473764348096764e-08,780241.9323566998,-3.1737559116770306,1.1501448813210397e-07,6.458565737051792e-07
3.2419e-06,1.396159100018067e-07,1.3030754213385816e-07,2.447633370970378,1.5473764348096764e-08,780241.9323566998,-3.1737559116770306,1.1501448813210397e-07,6.458565737051792e-07
3.26185e-06,1.0413657790318054e-07,1.3000421207215707e-07,2.2902072808712,1.5473764348096764e-08,780241.9323566998,-3.1737559116770306,1.1501448813210397e-07,6.458565737051792e-07
3.2818e-06,1.0724580154651354e-07,1.2955761324015676e-07,2.314152282484561,1.5473764348096764e-08,780241.9323566998,-3.1737559116770306,1.1501448813210397e-07,6.458565737051792e-07
3.3017499999999998e-06,1.371855213566646e-07,1.2897201413978116e-07,2.222169869487348,1.5473764348096764e-08,780241.9323566998,-3.1737559116770306,1.1501448813210397e-07,6.458565737051792e-07
3.3217e-06,1.087816957946876e-07,1.2825301180959715e-07,2.4147070572105465,1.5473764348096764e-08,780241.9323566998,-3.1737559116770306,1.1501448813210397e-07,6.458565737051792e-07
3.34165e-06,1.1959641215348025e-07,1.274074783294442e-07,2.144255768616339,1.5473764348096764e-08,780241.9323566998,-3.1737559116770306,1.1501448813210397e-07,6.458565737051792e-07
3.3615999999999997e-06,1.5029566386527916e-07,1.2644349513847576e-07,2.2957347650892372,1.5473764348096764e-08,780241.9323566998,-3.1737559116770306,1.1501448813210397e-07,6.458565737051792e-07
3.38155e-06,1.182579479098193e-07,1.2537027579438718e-07,2.2468300882817935,1.5473764348096764e-08,780241.9323566998,-3.1737559116770306,1.1501448813210397e-07,6.458565737051792e-07
3.4015e-06,9.853497466569555e-08,1.241980779120821e-07,2.1708616409314905,1.5473764348096764e-08,780241.9323566998,-3.1737559116770306,1.1501448813210397e-07,6.458565737051792e-07
3.42145e-06,1.2616168544084262e-07,1.2293810512344975e-07,2.2369975129872213,1.5473764348096764e-08,780241.9323566998,-3.1737559116770306,1.1501448813210397e-07,6.458565737051792e-07
3.4413999999999998e-06,1.0737596655727391e-07,1.2160239999530185e-07,2.144164833011507,1.5473764348096764e-08,780241.9323566998,-3.1737559116770306,1.1501448813210397e-07,6.458565737051792e-07
3.46135e-06,1.232202994973261e-07,1.2020372892893823e-07,2.348950056550984,1.5473764348096764e-08,780241.9323566998,-3.1737559116770306,1.1501448813210397e-07,6.458565737051792e-07
3.4813e-06,9.4754453118617e-08,1.1875546014144763e-07,2.3892415227889994,1.5473764348096764e-08,780241.9323566998,-3.1737559116770306,1.1501448813210397e-07,6.458565737051792e-07
3.5012499999999997e-06,9.070857764808423e-08,1.172714358949742e-07,2.3142467186799864,1.5473764348096764e-08,780241.9323566998,-3.1737559116770306,1.1501448813210397e-07,6.458565737051792e-07
3.5212e-06,1.2375748225452627e-07,1.1576584019515652e-07,2.411823357679243,1.5473764348096764e-08,780241.9323566998,-3.1737559116770306,1.1501448813210397e-07,6.458565737051792e-07
3.54115e-06,1.3478189813151266e-07,1.1425306322325098e-07,2.47495859041687,1.5473764348096764e-08,780241.9323566998,-3.1737559116770306,1.1501448813210397e-07,6.458565737051792e-07
3.5611e-06,1.1635395481635998e-07,1.1274756379766999e-07,2.257856437450994,1.5473764348096764e-08,780241.9323566998,-3.1737559116770306,1.1501448813210397e-07,6.458565737051792e-07
3.58105e-06,1.1171562857670928e-07,1.1126373117950027e-07,2.1639543143240734,1.5473764348096764e-08,780241.9323566998,-3.1737559116770306,1.1501448813210397e-07,6.458565737051792e-07
3.601e-06,1.2276162742567055e-07,1.0981574754283543e-07,2.1286493351431566,1.5473764348096764e-08,780241.9323566998,-3.1737559116770306,1.1501448813210397e-07,6.458565737051792e-07
3.62095e-06,9.758330667055573e-08,1.0841745242440528e-07,2.1997869867391486,1.5473764348096764e-08,780241.9323566998,-3.1737559116770306,1.1501448813210397e-07,6.458565737051792e-07
3.6408999999999997e-06,1.1611077914721617e-07,1.0708221044806391e-07,2.299004842715203,1.5473764348096764e-08,780241.9323566998,-3.1737559116770306,1.1501448813210397e-07,6.458565737051792e-07
3.66085e-06,1.012868063360514e-07,1.0582278358839905e-07,2.2872455885962,1.5473764348096764e-08,780241.9323566998,-3.1737559116770306,1.1501448813210397e-07,6.458565737051792e-07
3.6808e-06,1.3158922613733101e-07,1.0465120919434305e-07,2.365527785774853,1.5473764348096764e-08,780241.9323566998,-3.1737559116770306,1.1501448813210397e-07,6.458565737051792e-07
3.70075e-06,9.292474290932258e-08,1.0357868493860976e-07,2.2325704711111793,1.5473764348096764e-08,780241.9323566998,-3.1737559116770306,1.1501448813210397e-07,6.458565737051792e-07
3.7207e-06,1.2631854187251846e-07,1.0261546179258796e-07,2.2974751386215195,1.5473764348096764e-08,780241.9323566998,-3.1737559116770306,1.1501448813210397e-07,6.458565737051792e-07
3.74065e-06,1.1720280911348268e-07,1.0177074604961597e-07,2.2805063517084685,1.5473764348096764e-08,780241.9323566998,-3.1737559116770306,1.1501448813210397e-07,6.458565737051792e-07
3.7606e-06,9.518910562684729e-08,1.0105261133307962e-07,1.9568754421836159,1.5473764348096764e-08,780241.9323566998,-3.1737559116770306,1.1501448813210397e-07,6.458565737051792e-07
3.7805499999999997e-06,1.3523983171749083e-07,1.0046792143034142e-07,2.065386653067073,1.5473764348096764e-08,780241.9323566998,-3.1737559116770306,1.1501448813210397e-07,6.458565737051792e-07
3.8005e-06,9.965042901802018e-08,1.0002226469003978e-07,2.167654545542233,1.5473764348096764e-08,780241.9323566998,-3.1737559116770306,1.1501448813210397e-07,6.458565737051792e-07
3.82045e-06,9.91473303638992e-08,9.971990060977551e-08,2.19858587889965,1.5473764348096764e-08,780241.9323566998,-3.1737559116770306,1.1501448813210397e-07,6.458565737051792e-07
3.8404e-06,1.0299877144159233e-07,9.956371912468922e-08,2.300399508665165,1.5473764348096764e-08,780241.9323566998,-3.1737559116770306,1.1501448813210397e-07,6.458565737051792e-07
3.86035e-06,1.0498882757605225e-07,9.955521298604174e-08,2.250328982851153,1.5473764348096764e-08,780241.9323566998,-3.1737559116770306,1.1501448813210397e-07,6.458565737051792e-07
3.8803e-06,1.0997214047823158e-07,9.969446349379761e-08,2.193359672441616,1.5473764348096764e-08,780241.9323566998,-3.1737559116770306,1.1501448813210397e-07,6.458565737051792e-07
3.90025e-06,1.1101847088231086e-07,9.998013971957614e-08,2.1546999366131288,1.5473764348096764e-08,780241.9323566998,-3.1737559116770306,1.1501448813210397e-07,6.458565737051792e-07
3.9202e-06,1.1111847212265318e-07,1.0040951122739773e-07,2.1550229255518785,1.5473764348096764e-08,780241.9323566998,-3.1737559116770306,1.1501448813210397e-07,6.458565737051792e-07
3.94015e-06,1.0552855903088571e-07,1.0097847417064228e-07,2.291181493764607,1.5473764348096764e-08,780241.9323566998,-3.1737559116770306,1.1501448813210397e-07,6.458565737051792e-07
3.9600999999999996e-06,9.186757138979824e-08,1.0168159051579091e-07,2.1037470627257053,1.5473764348096764e-08,780241.9323566998,-3.1737559116770306,1.1501448813210397e-07,6.458565737051792e-07
3.98005e-06,1.1282693887825057e-07,1.0251214001805802e-07,2.298857576097596,1.5473764348096764e-08,780241.9323566998,-3.1737559116770306,1.1501448813210397e-07,6.458565737051792e-07
4e-06,1.198713021237801e-07,1.0346218445214078e-07,2.4312107557582023,1.5473764348096764e-08,780241.9323566998,-3.1737559116770306,1.1501448813210397e-07,6.458565737051792e-07
